id,name,rarity,flavor,ballStyleType,color1,color2,glow,artKind,artSource,artValue
chibi-0g_uri,0G_Uri,common,https://x.com/0G_Uri,capsule,#2a2a3a,#c0a060,,image,url,images/chibi_clean/0G_Uri.png
chibi-0x45o,0x45o,common,https://x.com/0x45o,capsule,#2a2a3a,#c0a060,,image,url,images/chibi_clean/0x45o.png
chibi-0x466161,0x466161,rare,https://x.com/0x466161,capsule,#c0a060,#b22020,,image,url,images/chibi_clean/0x466161.png
chibi-0xasuran,0xAsuran,common,https://x.com/0xAsuran,capsule,#2a2a3a,#c0a060,,image,url,images/chibi_clean/0xAsuran.png
chibi-0xhondo,0xHondo,common,https://x.com/0xHondo,capsule,#2a2a3a,#c0a060,,image,url,images/chibi_clean/0xHondo.png
chibi-0xilyy,0xIlyy,ultra,https://x.com/0xIlyy,capsule,#b22020,#ffcc44,#ff3030,image,url,images/chibi_clean/0xIlyy.png
chibi-0xjirachi,0xJirachi,common,https://x.com/0xJirachi,capsule,#2a2a3a,#c0a060,,image,url,images/chibi_clean/0xJirachi.png
chibi-0xrafaa,0xRafaa,common,https://x.com/0xRafaa,capsule,#2a2a3a,#c0a060,,image,url,images/chibi_clean/0xRafaa.png
chibi-0xrikko,0xRikko,rare,https://x.com/0xRikko,capsule,#c0a060,#b22020,,image,url,images/chibi_clean/0xRikko.png
chibi-0xvarrow,0xVarrow,common,https://x.com/0xVarrow,capsule,#2a2a3a,#c0a060,,image,url,images/chibi_clean/0xVarrow.png
chibi-0x_p_k,0x_p_k,common,https://x.com/0x_p_k,capsule,#2a2a3a,#c0a060,,image,url,images/chibi_clean/0x_p_k.png
chibi-0xdilo,0xdilo,common,https://x.com/0xdilo,capsule,#2a2a3a,#c0a060,,image,url,images/chibi_clean/0xdilo.png
chibi-1000xcat,1000xcat,common,"A builder; bitcoin, 2PIC mining tech, 3D printing, AI (agents, art and 'old school' ML); using LLMs since GPT-2 Into photography http://t.co/ruBeILTzbr (dm for code)

https://x.com/1000xcat",capsule,#2a2a3a,#c0a060,,image,url,images/chibi_clean/1000xcat.png
chibi-10_x_eng,10_X_eng,common,https://x.com/10_X_eng,capsule,#2a2a3a,#c0a060,,image,url,images/chibi_clean/10_X_eng.png
chibi-1mortrix,1Mortrix,common,https://x.com/1Mortrix,capsule,#2a2a3a,#c0a060,,image,url,images/chibi_clean/1Mortrix.png
chibi-1casie,1casie,common,https://x.com/1casie,capsule,#2a2a3a,#c0a060,,image,url,images/chibi_clean/1casie.png
chibi-1v100000,1v100000,common,https://x.com/1v100000,capsule,#2a2a3a,#c0a060,,image,url,images/chibi_clean/1v100000.png
chibi-369code_,369code_,common,https://x.com/369code_,capsule,#2a2a3a,#c0a060,,image,url,images/chibi_clean/369code_.png
chibi-3driccc,3driccc,common,https://x.com/3driccc,capsule,#2a2a3a,#c0a060,,image,url,images/chibi_clean/3driccc.png
chibi-4cceler4te,4cceler4te,common,https://x.com/4cceler4te,capsule,#2a2a3a,#c0a060,,image,url,images/chibi_clean/4cceler4te.png
chibi-4everwalkalone,4everwalkalone,common,https://x.com/4everwalkalone,capsule,#2a2a3a,#c0a060,,image,url,images/chibi_clean/4everwalkalone.png
chibi-5bitcube,5bitcube,common,https://x.com/5bitcube,capsule,#2a2a3a,#c0a060,,image,url,images/chibi_clean/5bitcube.png
chibi-86d_app,86d_app,common,https://x.com/86d_app,capsule,#2a2a3a,#c0a060,,image,url,images/chibi_clean/86d_app.png
chibi-ahusareal2,AHusareal2,common,https://x.com/AHusareal2,capsule,#2a2a3a,#c0a060,,image,url,images/chibi_clean/AHusareal2.png
chibi-arcdigifuture,ARCDigiFuture,common,https://x.com/ARCDigiFuture,capsule,#2a2a3a,#c0a060,,image,url,images/chibi_clean/ARCDigiFuture.png
chibi-abotgrenfield,AbotGrenfield,common,https://x.com/AbotGrenfield,capsule,#2a2a3a,#c0a060,,image,url,images/chibi_clean/AbotGrenfield.png
chibi-aelith7,Aelith7,common,https://x.com/Aelith7,capsule,#2a2a3a,#c0a060,,image,url,images/chibi_clean/Aelith7.png
chibi-aikun011,Aikun011,common,https://x.com/Aikun011,capsule,#2a2a3a,#c0a060,,image,url,images/chibi_clean/Aikun011.png
chibi-akhu176,Akhu176,common,https://x.com/Akhu176,capsule,#2a2a3a,#c0a060,,image,url,images/chibi_clean/Akhu176.png
chibi-alanfelyk,AlanFelyk,ultra,https://x.com/AlanFelyk,capsule,#b22020,#ffcc44,#ff3030,image,url,images/chibi_clean/AlanFelyk.png
chibi-allanatrixq,AllanatrixQ,common,https://x.com/AllanatrixQ,capsule,#2a2a3a,#c0a060,,image,url,images/chibi_clean/AllanatrixQ.png
chibi-americanmuskrat,AmericanMuskrat,common,https://x.com/AmericanMuskrat,capsule,#2a2a3a,#c0a060,,image,url,images/chibi_clean/AmericanMuskrat.png
chibi-ar3just,Ar3Just,common,https://x.com/Ar3Just,capsule,#2a2a3a,#c0a060,,image,url,images/chibi_clean/Ar3Just.png
chibi-arbitraryostric,ArbitraryOstric,rare,https://x.com/ArbitraryOstric,capsule,#c0a060,#b22020,,image,url,images/chibi_clean/ArbitraryOstric.png
chibi-ariakh55,Ariakh55,common,https://x.com/Ariakh55,capsule,#2a2a3a,#c0a060,,image,url,images/chibi_clean/Ariakh55.png
chibi-articlesonx,ArticlesOnX,common,https://x.com/ArticlesOnX,capsule,#2a2a3a,#c0a060,,image,url,images/chibi_clean/ArticlesOnX.png
chibi-asnmjackal48xl,AsNmJackal48xl,common,https://x.com/AsNmJackal48xl,capsule,#2a2a3a,#c0a060,,image,url,images/chibi_clean/AsNmJackal48xl.png
chibi-ashley_grihmm,Ashley_Grihmm,common,https://x.com/Ashley_Grihmm,capsule,#2a2a3a,#c0a060,,image,url,images/chibi_clean/Ashley_Grihmm.png
chibi-asuka2026_,Asuka2026_,common,https://x.com/Asuka2026_,capsule,#2a2a3a,#c0a060,,image,url,images/chibi_clean/Asuka2026_.png
chibi-authorgfallen,AuthorGFAllen,common,https://x.com/AuthorGFAllen,capsule,#2a2a3a,#c0a060,,image,url,images/chibi_clean/AuthorGFAllen.png
chibi-axiondrift,AxionDrift,common,https://x.com/AxionDrift,capsule,#2a2a3a,#c0a060,,image,url,images/chibi_clean/AxionDrift.png
chibi-azorele07,Azorele07,common,https://x.com/Azorele07,capsule,#2a2a3a,#c0a060,,image,url,images/chibi_clean/Azorele07.png
chibi-b4xmx,B4xMx,common,https://x.com/B4xMx,capsule,#2a2a3a,#c0a060,,image,url,images/chibi_clean/B4xMx.png
chibi-bluecow009,BLUECOW009,common,https://x.com/BLUECOW009,capsule,#2a2a3a,#c0a060,,image,url,images/chibi_clean/BLUECOW009.png
chibi-baledoneast,BaledonEast,rare,https://x.com/BaledonEast,capsule,#c0a060,#b22020,,image,url,images/chibi_clean/BaledonEast.png
chibi-barbogdafinka,BarbogDaFinka,common,https://x.com/BarbogDaFinka,capsule,#2a2a3a,#c0a060,,image,url,images/chibi_clean/BarbogDaFinka.png
chibi-beautyinthemyre,BeautyInTheMyre,common,https://x.com/BeautyInTheMyre,capsule,#2a2a3a,#c0a060,,image,url,images/chibi_clean/BeautyInTheMyre.png
chibi-benjamin_j_b_,Benjamin_J_B_,common,https://x.com/Benjamin_J_B_,capsule,#2a2a3a,#c0a060,,image,url,images/chibi_clean/Benjamin_J_B_.png
chibi-bill_2140,Bill_2140,common,https://x.com/Bill_2140,capsule,#2a2a3a,#c0a060,,image,url,images/chibi_clean/Bill_2140.png
chibi-billysgonzales,BillysGonzales,rare,https://x.com/BillysGonzales,capsule,#c0a060,#b22020,,image,url,images/chibi_clean/BillysGonzales.png
chibi-blackdumpling,BlackDumpling,common,https://x.com/BlackDumpling,capsule,#2a2a3a,#c0a060,,image,url,images/chibi_clean/BlackDumpling.png
chibi-blakec,BlakeC,common,https://x.com/BlakeC,capsule,#2a2a3a,#c0a060,,image,url,images/chibi_clean/BlakeC.png
chibi-bluesquarepanda,Bluesquarepanda,ultra,https://x.com/Bluesquarepanda,capsule,#b22020,#ffcc44,#ff3030,image,url,images/chibi_clean/Bluesquarepanda.png
chibi-bmhairston,BmHairston,common,https://x.com/BmHairston,capsule,#2a2a3a,#c0a060,,image,url,images/chibi_clean/BmHairston.png
chibi-bohemianhacks,BohemianHacks,common,https://x.com/BohemianHacks,capsule,#2a2a3a,#c0a060,,image,url,images/chibi_clean/BohemianHacks.png
chibi-bravepoaster,BravePoaster,rare,https://x.com/BravePoaster,capsule,#c0a060,#b22020,,image,url,images/chibi_clean/BravePoaster.png
chibi-briansoto683799,BrianSoto683799,common,https://x.com/BrianSoto683799,capsule,#2a2a3a,#c0a060,,image,url,images/chibi_clean/BrianSoto683799.png
chibi-brojoechirho,BroJoeChiRho,common,https://x.com/BroJoeChiRho,capsule,#2a2a3a,#c0a060,,image,url,images/chibi_clean/BroJoeChiRho.png
chibi-burnzez,BurnZeZ,common,https://x.com/BurnZeZ,capsule,#2a2a3a,#c0a060,,image,url,images/chibi_clean/BurnZeZ.png
chibi-burnzzz0,Burnzzz0,rare,https://x.com/Burnzzz0,capsule,#c0a060,#b22020,,image,url,images/chibi_clean/Burnzzz0.png
chibi-bwc2btc,Bwc2btc,ultra,https://x.com/Bwc2btc,capsule,#b22020,#ffcc44,#ff3030,image,url,images/chibi_clean/Bwc2btc.png
chibi-cbdcisslavery,CBDCisSlavery,rare,https://x.com/CBDCisSlavery,capsule,#c0a060,#b22020,,image,url,images/chibi_clean/CBDCisSlavery.png
chibi-carlymarie32,CarlyMarie32,rare,https://x.com/CarlyMarie32,capsule,#c0a060,#b22020,,image,url,images/chibi_clean/CarlyMarie32.png
chibi-catholicedits,CatholicEdits,common,https://x.com/CatholicEdits,capsule,#2a2a3a,#c0a060,,image,url,images/chibi_clean/CatholicEdits.png
chibi-caviardottech,CaviarDotTech,common,https://x.com/CaviarDotTech,capsule,#2a2a3a,#c0a060,,image,url,images/chibi_clean/CaviarDotTech.png
chibi-celticdale,CelticDale,rare,https://x.com/CelticDale,capsule,#c0a060,#b22020,,image,url,images/chibi_clean/CelticDale.png
chibi-chasingmytail,Chasingmytail,rare,https://x.com/Chasingmytail,capsule,#c0a060,#b22020,,image,url,images/chibi_clean/Chasingmytail.png
chibi-chiefengineerce,ChiefEngineerCE,rare,https://x.com/ChiefEngineerCE,capsule,#c0a060,#b22020,,image,url,images/chibi_clean/ChiefEngineerCE.png
chibi-choochskookum,ChoochSkookum,common,https://x.com/ChoochSkookum,capsule,#2a2a3a,#c0a060,,image,url,images/chibi_clean/ChoochSkookum.png
chibi-chrisha93378389,ChrisHa93378389,common,https://x.com/ChrisHa93378389,capsule,#2a2a3a,#c0a060,,image,url,images/chibi_clean/ChrisHa93378389.png
chibi-chrishowald,ChrisHowald,common,https://x.com/ChrisHowald,capsule,#2a2a3a,#c0a060,,image,url,images/chibi_clean/ChrisHowald.png
chibi-chrystalmauthor,ChrystalMAuthor,common,https://x.com/ChrystalMAuthor,capsule,#2a2a3a,#c0a060,,image,url,images/chibi_clean/ChrystalMAuthor.png
chibi-churchadullam,ChurchAdullam,common,https://x.com/ChurchAdullam,capsule,#2a2a3a,#c0a060,,image,url,images/chibi_clean/ChurchAdullam.png
chibi-clever_loon,Clever_Loon,common,https://x.com/Clever_Loon,capsule,#2a2a3a,#c0a060,,image,url,images/chibi_clean/Clever_Loon.png
chibi-coalfireband,Coalfireband,common,https://x.com/Coalfireband,capsule,#2a2a3a,#c0a060,,image,url,images/chibi_clean/Coalfireband.png
chibi-coastalfuturist,CoastalFuturist,common,https://x.com/CoastalFuturist,capsule,#2a2a3a,#c0a060,,image,url,images/chibi_clean/CoastalFuturist.png
chibi-collingsmaccrae,CollingsMaccrae,rare,https://x.com/CollingsMaccrae,capsule,#c0a060,#b22020,,image,url,images/chibi_clean/CollingsMaccrae.png
chibi-copaexmachina,CopaExMachina,common,https://x.com/CopaExMachina,capsule,#2a2a3a,#c0a060,,image,url,images/chibi_clean/CopaExMachina.png
chibi-corpsekings,CorpseKings,common,https://x.com/CorpseKings,capsule,#2a2a3a,#c0a060,,image,url,images/chibi_clean/CorpseKings.png
chibi-craine_workshop,Craine_Workshop,rare,https://x.com/Craine_Workshop,capsule,#c0a060,#b22020,,image,url,images/chibi_clean/Craine_Workshop.png
chibi-cryptocyberia,CryptoCyberia,common,https://x.com/CryptoCyberia,capsule,#2a2a3a,#c0a060,,image,url,images/chibi_clean/CryptoCyberia.png
chibi-cyborgpeds,CyborgPeds,rare,https://x.com/CyborgPeds,capsule,#c0a060,#b22020,,image,url,images/chibi_clean/CyborgPeds.png
chibi-cygnusxg,CygnusXG,common,https://x.com/CygnusXG,capsule,#2a2a3a,#c0a060,,image,url,images/chibi_clean/CygnusXG.png
chibi-cyjasthesmart,Cyjasthesmart,common,https://x.com/Cyjasthesmart,capsule,#2a2a3a,#c0a060,,image,url,images/chibi_clean/Cyjasthesmart.png
chibi-dreamlandsleeep,DREAMLANDSLEEEP,common,https://x.com/DREAMLANDSLEEEP,capsule,#2a2a3a,#c0a060,,image,url,images/chibi_clean/DREAMLANDSLEEEP.png
chibi-dwarussell22,DWARussell22,common,https://x.com/DWARussell22,capsule,#2a2a3a,#c0a060,,image,url,images/chibi_clean/DWARussell22.png
chibi-dakotaw727,DakotaW727,common,https://x.com/DakotaW727,capsule,#2a2a3a,#c0a060,,image,url,images/chibi_clean/DakotaW727.png
chibi-danneo_ss,DanNEO_SS,rare,https://x.com/DanNEO_SS,capsule,#c0a060,#b22020,,image,url,images/chibi_clean/DanNEO_SS.png
chibi-datadelaurier,DataDeLaurier,common,https://x.com/DataDeLaurier,capsule,#2a2a3a,#c0a060,,image,url,images/chibi_clean/DataDeLaurier.png
chibi-davetheswampman,DaveTheSwampman,common,https://x.com/DaveTheSwampman,capsule,#2a2a3a,#c0a060,,image,url,images/chibi_clean/DaveTheSwampman.png
chibi-davidarnhem,DavidArnhem,common,https://x.com/DavidArnhem,capsule,#2a2a3a,#c0a060,,image,url,images/chibi_clean/DavidArnhem.png
chibi-demodllc,DeMoDLLC,common,https://x.com/DeMoDLLC,capsule,#2a2a3a,#c0a060,,image,url,images/chibi_clean/DeMoDLLC.png
chibi-delendastories,DelendaStories,ultra,https://x.com/DelendaStories,capsule,#b22020,#ffcc44,#ff3030,image,url,images/chibi_clean/DelendaStories.png
chibi-depcoal,DepCOAL,common,https://x.com/DepCOAL,capsule,#2a2a3a,#c0a060,,image,url,images/chibi_clean/DepCOAL.png
chibi-derrichtige,DerRichtige,common,https://x.com/DerRichtige,capsule,#2a2a3a,#c0a060,,image,url,images/chibi_clean/DerRichtige.png
chibi-devkokooo,DevKokooo,common,https://x.com/DevKokooo,capsule,#2a2a3a,#c0a060,,image,url,images/chibi_clean/DevKokooo.png
chibi-dogood0silence,Dogood0Silence,rare,https://x.com/Dogood0Silence,capsule,#c0a060,#b22020,,image,url,images/chibi_clean/Dogood0Silence.png
chibi-domaindomme,DomainDomme,rare,"🎥CPP at Luma, Pika, Hailuo, Higgsfield, Nim, FreePik, HeyGen, BasedLabs | Queen of Prompts | AI Film | AI Music Videos | FU$K DOMAINS

https://x.com/DomainDomme",capsule,#c0a060,#b22020,,image,url,images/chibi_clean/DomainDomme.png
chibi-domi_games_,Domi_Games_,common,https://x.com/Domi_Games_,capsule,#2a2a3a,#c0a060,,image,url,images/chibi_clean/Domi_Games_.png
chibi-donshirts,DonShirts,common,https://x.com/DonShirts,capsule,#2a2a3a,#c0a060,,image,url,images/chibi_clean/DonShirts.png
chibi-doogieusa,DoogieUSA,common,https://x.com/DoogieUSA,capsule,#2a2a3a,#c0a060,,image,url,images/chibi_clean/DoogieUSA.png
chibi-doom_grenade,Doom_Grenade,common,https://x.com/Doom_Grenade,capsule,#2a2a3a,#c0a060,,image,url,images/chibi_clean/Doom_Grenade.png
chibi-dragon_samurai0,Dragon_Samurai0,common,https://x.com/Dragon_Samurai0,capsule,#2a2a3a,#c0a060,,image,url,images/chibi_clean/Dragon_Samurai0.png
chibi-dreampistudios,DreamPiStudios,common,https://x.com/DreamPiStudios,capsule,#2a2a3a,#c0a060,,image,url,images/chibi_clean/DreamPiStudios.png
chibi-dreamsunchartd,DreamsUnchartd,common,https://x.com/DreamsUnchartd,capsule,#2a2a3a,#c0a060,,image,url,images/chibi_clean/DreamsUnchartd.png
chibi-duxxcoda,Duxxcoda,common,https://x.com/Duxxcoda,capsule,#2a2a3a,#c0a060,,image,url,images/chibi_clean/Duxxcoda.png
chibi-ejfreeauthor,EJFreeAuthor,common,https://x.com/EJFreeAuthor,capsule,#2a2a3a,#c0a060,,image,url,images/chibi_clean/EJFreeAuthor.png
chibi-eddyvgg,EddyVGG,common,https://x.com/EddyVGG,capsule,#2a2a3a,#c0a060,,image,url,images/chibi_clean/EddyVGG.png
chibi-einsteinround2,EinsteinRound2,common,https://x.com/EinsteinRound2,capsule,#2a2a3a,#c0a060,,image,url,images/chibi_clean/EinsteinRound2.png
chibi-eliasofix,EliasofIX,common,https://x.com/EliasofIX,capsule,#2a2a3a,#c0a060,,image,url,images/chibi_clean/EliasofIX.png
chibi-entropy8ynamics,Entropy8ynamics,common,https://x.com/Entropy8ynamics,capsule,#2a2a3a,#c0a060,,image,url,images/chibi_clean/Entropy8ynamics.png
chibi-epicofbrave,EpicOfBrave,common,https://x.com/EpicOfBrave,capsule,#2a2a3a,#c0a060,,image,url,images/chibi_clean/EpicOfBrave.png
chibi-erebiuswhite,ErebiusWhite,common,https://x.com/ErebiusWhite,capsule,#2a2a3a,#c0a060,,image,url,images/chibi_clean/ErebiusWhite.png
chibi-ericdbolton,EricDBolton,common,https://x.com/EricDBolton,capsule,#2a2a3a,#c0a060,,image,url,images/chibi_clean/EricDBolton.png
chibi-evaglitchai,EvaGlitchAI,common,https://x.com/EvaGlitchAI,capsule,#2a2a3a,#c0a060,,image,url,images/chibi_clean/EvaGlitchAI.png
chibi-exmospostingls,ExMosPostingLs,common,https://x.com/ExMosPostingLs,capsule,#2a2a3a,#c0a060,,image,url,images/chibi_clean/ExMosPostingLs.png
chibi-exothaumic,Exothaumic,common,https://x.com/Exothaumic,capsule,#2a2a3a,#c0a060,,image,url,images/chibi_clean/Exothaumic.png
chibi-feignedshadows,FeignedShadows,common,https://x.com/FeignedShadows,capsule,#2a2a3a,#c0a060,,image,url,images/chibi_clean/FeignedShadows.png
chibi-figmentfriis,FigmentFriis,common,https://x.com/FigmentFriis,capsule,#2a2a3a,#c0a060,,image,url,images/chibi_clean/FigmentFriis.png
chibi-flandereltd,FlandereLTD,common,https://x.com/FlandereLTD,capsule,#2a2a3a,#c0a060,,image,url,images/chibi_clean/FlandereLTD.png
chibi-frenlyofficer,FrenlyOfficer,common,https://x.com/FrenlyOfficer,capsule,#2a2a3a,#c0a060,,image,url,images/chibi_clean/FrenlyOfficer.png
chibi-friedrichc109,FriedrichC109,common,https://x.com/FriedrichC109,capsule,#2a2a3a,#c0a060,,image,url,images/chibi_clean/FriedrichC109.png
chibi-fussuv,FussuV,common,https://x.com/FussuV,capsule,#2a2a3a,#c0a060,,image,url,images/chibi_clean/FussuV.png
chibi-fynjirby,Fynjirby,common,https://x.com/Fynjirby,capsule,#2a2a3a,#c0a060,,image,url,images/chibi_clean/Fynjirby.png
chibi-gaztrew,GazTrew,common,https://x.com/GazTrew,capsule,#2a2a3a,#c0a060,,image,url,images/chibi_clean/GazTrew.png
chibi-geraltofgoonia,GeraltofGoonia,rare,https://x.com/GeraltofGoonia,capsule,#c0a060,#b22020,,image,url,images/chibi_clean/GeraltofGoonia.png
chibi-germanicfren,GermanicFren,common,https://x.com/GermanicFren,capsule,#2a2a3a,#c0a060,,image,url,images/chibi_clean/GermanicFren.png
chibi-goodamericanman,GoodAmericanMan,common,https://x.com/GoodAmericanMan,capsule,#2a2a3a,#c0a060,,image,url,images/chibi_clean/GoodAmericanMan.png
chibi-gore_burnelli,Gore_Burnelli,ultra,https://x.com/Gore_Burnelli,capsule,#b22020,#ffcc44,#ff3030,image,url,images/chibi_clean/Gore_Burnelli.png
chibi-grahamwrightiv,GrahamWrightIV,rare,https://x.com/GrahamWrightIV,capsule,#c0a060,#b22020,,image,url,images/chibi_clean/GrahamWrightIV.png
chibi-gre3n_cat,Gre3n_Cat,rare,https://x.com/Gre3n_Cat,capsule,#c0a060,#b22020,,image,url,images/chibi_clean/Gre3n_Cat.png
chibi-greeneelizabeth,GreeneElizabeth,common,https://x.com/GreeneElizabeth,capsule,#2a2a3a,#c0a060,,image,url,images/chibi_clean/GreeneElizabeth.png
chibi-greenthoughtsus,GreenthoughtsUS,common,https://x.com/GreenthoughtsUS,capsule,#2a2a3a,#c0a060,,image,url,images/chibi_clean/GreenthoughtsUS.png
chibi-grimfelofficial,GrimfelOfficial,ultra,"Chaotic Evil 🜸🜂 Soft Grunge Angel Era - Singer/Songwriter/Author/Music of Grimfel - Digital Art - Indie Developer

https://x.com/GrimfelOfficial",capsule,#b22020,#ffcc44,#ff3030,image,url,images/chibi_clean/GrimfelOfficial.png
chibi-gun_theory,Gun_Theory,rare,https://x.com/Gun_Theory,capsule,#c0a060,#b22020,,image,url,images/chibi_clean/Gun_Theory.png
chibi-guyinco15542744,GuyInco15542744,common,https://x.com/GuyInco15542744,capsule,#2a2a3a,#c0a060,,image,url,images/chibi_clean/GuyInco15542744.png
chibi-highworldrings,HighWorldRings,common,https://x.com/HighWorldRings,capsule,#2a2a3a,#c0a060,,image,url,images/chibi_clean/HighWorldRings.png
chibi-hilandrx,HilandrX,common,https://x.com/HilandrX,capsule,#2a2a3a,#c0a060,,image,url,images/chibi_clean/HilandrX.png
chibi-hitlerseden,HitlersEden,common,https://x.com/HitlersEden,capsule,#2a2a3a,#c0a060,,image,url,images/chibi_clean/HitlersEden.png
chibi-hottrash4me,HotTrash4Me,common,https://x.com/HotTrash4Me,capsule,#2a2a3a,#c0a060,,image,url,images/chibi_clean/HotTrash4Me.png
chibi-iam_hooks,IAm_Hooks,common,https://x.com/IAm_Hooks,capsule,#2a2a3a,#c0a060,,image,url,images/chibi_clean/IAm_Hooks.png
chibi-icode4freedom,ICode4Freedom,rare,https://x.com/ICode4Freedom,capsule,#c0a060,#b22020,,image,url,images/chibi_clean/ICode4Freedom.png
chibi-itnonsupport,ITNonsupport,common,https://x.com/ITNonsupport,capsule,#2a2a3a,#c0a060,,image,url,images/chibi_clean/ITNonsupport.png
chibi-itangoi,ITangoI,common,https://x.com/ITangoI,capsule,#2a2a3a,#c0a060,,image,url,images/chibi_clean/ITangoI.png
chibi-imkuee,ImKuee,rare,https://x.com/ImKuee,capsule,#c0a060,#b22020,,image,url,images/chibi_clean/ImKuee.png
chibi-imortalenvy,ImortalEnvy,common,https://x.com/ImortalEnvy,capsule,#2a2a3a,#c0a060,,image,url,images/chibi_clean/ImortalEnvy.png
chibi-imperatorerebus,ImperatorErebus,rare,https://x.com/ImperatorErebus,capsule,#c0a060,#b22020,,image,url,images/chibi_clean/ImperatorErebus.png
chibi-ironlordttv,IronLordTTV,common,https://x.com/IronLordTTV,capsule,#2a2a3a,#c0a060,,image,url,images/chibi_clean/IronLordTTV.png
chibi-irontiger44,IronTiger44,ultra,https://x.com/IronTiger44,capsule,#b22020,#ffcc44,#ff3030,image,url,images/chibi_clean/IronTiger44.png
chibi-isekailord812,Isekailord812,rare,https://x.com/Isekailord812,capsule,#c0a060,#b22020,,image,url,images/chibi_clean/Isekailord812.png
chibi-ivanrichards17,IvanRichards17,common,https://x.com/IvanRichards17,capsule,#2a2a3a,#c0a060,,image,url,images/chibi_clean/IvanRichards17.png
chibi-j0hnadouglas,J0hnADouglas,common,https://x.com/J0hnADouglas,capsule,#2a2a3a,#c0a060,,image,url,images/chibi_clean/J0hnADouglas.png
chibi-jass1000001,JASS1000001,common,https://x.com/JASS1000001,capsule,#2a2a3a,#c0a060,,image,url,images/chibi_clean/JASS1000001.png
chibi-januki_on_x,Januki_on_X,common,https://x.com/Januki_on_X,capsule,#2a2a3a,#c0a060,,image,url,images/chibi_clean/Januki_on_X.png
chibi-jasonwmizer,JasonWMizer,common,https://x.com/JasonWMizer,capsule,#2a2a3a,#c0a060,,image,url,images/chibi_clean/JasonWMizer.png
chibi-jayce_money,Jayce_money,common,https://x.com/Jayce_money,capsule,#2a2a3a,#c0a060,,image,url,images/chibi_clean/Jayce_money.png
chibi-jessejrlim,Jessejrlim,common,https://x.com/Jessejrlim,capsule,#2a2a3a,#c0a060,,image,url,images/chibi_clean/Jessejrlim.png
chibi-jocelynbeard,Jocelynbeard,common,https://x.com/Jocelynbeard,capsule,#2a2a3a,#c0a060,,image,url,images/chibi_clean/Jocelynbeard.png
chibi-joey_fs,Joey_FS,common,https://x.com/Joey_FS,capsule,#2a2a3a,#c0a060,,image,url,images/chibi_clean/Joey_FS.png
chibi-johnotherwrites,JohnOtherWrites,common,https://x.com/JohnOtherWrites,capsule,#2a2a3a,#c0a060,,image,url,images/chibi_clean/JohnOtherWrites.png
chibi-juliamwritings,JuliaMwritings,common,https://x.com/JuliaMwritings,capsule,#2a2a3a,#c0a060,,image,url,images/chibi_clean/JuliaMwritings.png
chibi-justjake,JustJake,rare,https://x.com/JustJake,capsule,#c0a060,#b22020,,image,url,images/chibi_clean/JustJake.png
chibi-justsuperhuman_,JustSuperHuman_,common,https://x.com/JustSuperHuman_,capsule,#2a2a3a,#c0a060,,image,url,images/chibi_clean/JustSuperHuman_.png
chibi-justin95i,Justin95i,rare,https://x.com/Justin95i,capsule,#c0a060,#b22020,,image,url,images/chibi_clean/Justin95i.png
chibi-k19unknown,K19Unknown,common,https://x.com/K19Unknown,capsule,#2a2a3a,#c0a060,,image,url,images/chibi_clean/K19Unknown.png
chibi-kono_gaki_egg,KONO_GAKI_EGG,common,https://x.com/KONO_GAKI_EGG,capsule,#2a2a3a,#c0a060,,image,url,images/chibi_clean/KONO_GAKI_EGG.png
chibi-kwbussard_,KWBussard_,common,https://x.com/KWBussard_,capsule,#2a2a3a,#c0a060,,image,url,images/chibi_clean/KWBussard_.png
chibi-kamiokingpaimon,KamiOKingPaimon,common,https://x.com/KamiOKingPaimon,capsule,#2a2a3a,#c0a060,,image,url,images/chibi_clean/KamiOKingPaimon.png
chibi-karmancer,Karmancer,common,https://x.com/Karmancer,capsule,#2a2a3a,#c0a060,,image,url,images/chibi_clean/Karmancer.png
chibi-kevinmdabess,KevinMDaBess,common,https://x.com/KevinMDaBess,capsule,#2a2a3a,#c0a060,,image,url,images/chibi_clean/KevinMDaBess.png
chibi-kevinprolix,KevinProLiX,common,https://x.com/KevinProLiX,capsule,#2a2a3a,#c0a060,,image,url,images/chibi_clean/KevinProLiX.png
chibi-keyboardbadger,Keyboardbadger,common,https://x.com/Keyboardbadger,capsule,#2a2a3a,#c0a060,,image,url,images/chibi_clean/Keyboardbadger.png
chibi-kianerfaan,KianErfaan,common,https://x.com/KianErfaan,capsule,#2a2a3a,#c0a060,,image,url,images/chibi_clean/KianErfaan.png
chibi-kikuriarmpitsex,KikuriArmpitSex,common,https://x.com/KikuriArmpitSex,capsule,#2a2a3a,#c0a060,,image,url,images/chibi_clean/KikuriArmpitSex.png
chibi-knightspenitent,KnightsPenitent,common,https://x.com/KnightsPenitent,capsule,#2a2a3a,#c0a060,,image,url,images/chibi_clean/KnightsPenitent.png
chibi-koenig_paimon,Koenig_Paimon,ultra,https://x.com/Koenig_Paimon,capsule,#b22020,#ffcc44,#ff3030,image,url,images/chibi_clean/Koenig_Paimon.png
chibi-kraft_the_elf,Kraft_the_Elf,common,https://x.com/Kraft_the_Elf,capsule,#2a2a3a,#c0a060,,image,url,images/chibi_clean/Kraft_the_Elf.png
chibi-kyubi_kd,Kyubi_KD,common,https://x.com/Kyubi_KD,capsule,#2a2a3a,#c0a060,,image,url,images/chibi_clean/Kyubi_KD.png
chibi-lakeezone,Lakeezone,common,https://x.com/Lakeezone,capsule,#2a2a3a,#c0a060,,image,url,images/chibi_clean/Lakeezone.png
chibi-largeinstature_,LargeInStature_,common,https://x.com/LargeInStature_,capsule,#2a2a3a,#c0a060,,image,url,images/chibi_clean/LargeInStature_.png
chibi-leangphok,Leangphok,common,https://x.com/Leangphok,capsule,#2a2a3a,#c0a060,,image,url,images/chibi_clean/Leangphok.png
chibi-linfootwrites,Linfootwrites,common,https://x.com/Linfootwrites,capsule,#2a2a3a,#c0a060,,image,url,images/chibi_clean/Linfootwrites.png
chibi-llamasandwhich,LlamaSandwhich,common,https://x.com/LlamaSandwhich,capsule,#2a2a3a,#c0a060,,image,url,images/chibi_clean/LlamaSandwhich.png
chibi-lottolabs,LottoLabs,common,https://x.com/LottoLabs,capsule,#2a2a3a,#c0a060,,image,url,images/chibi_clean/LottoLabs.png
chibi-loxpie1234,Loxpie1234,common,https://x.com/Loxpie1234,capsule,#2a2a3a,#c0a060,,image,url,images/chibi_clean/Loxpie1234.png
chibi-luciousamoris,LuciousAmoris,common,https://x.com/LuciousAmoris,capsule,#2a2a3a,#c0a060,,image,url,images/chibi_clean/LuciousAmoris.png
chibi-lukashozda,LukasHozda,common,https://x.com/LukasHozda,capsule,#2a2a3a,#c0a060,,image,url,images/chibi_clean/LukasHozda.png
chibi-m4y4vi,M4Y4VI,common,https://x.com/M4Y4VI,capsule,#2a2a3a,#c0a060,,image,url,images/chibi_clean/M4Y4VI.png
chibi-mlsophist,MLSophist,rare,https://x.com/MLSophist,capsule,#c0a060,#b22020,,image,url,images/chibi_clean/MLSophist.png
chibi-mmatt14,MMatt14,common,https://x.com/MMatt14,capsule,#2a2a3a,#c0a060,,image,url,images/chibi_clean/MMatt14.png
chibi-mukideza2,MUKIDEZA2,common,https://x.com/MUKIDEZA2,capsule,#2a2a3a,#c0a060,,image,url,images/chibi_clean/MUKIDEZA2.png
chibi-mad__overlord,Mad__Overlord,common,https://x.com/Mad__Overlord,capsule,#2a2a3a,#c0a060,,image,url,images/chibi_clean/Mad__Overlord.png
chibi-magusgenji,MagusGenji,common,https://x.com/MagusGenji,capsule,#2a2a3a,#c0a060,,image,url,images/chibi_clean/MagusGenji.png
chibi-magus_caprae,Magus_Caprae,common,https://x.com/Magus_Caprae,capsule,#2a2a3a,#c0a060,,image,url,images/chibi_clean/Magus_Caprae.png
chibi-manga__vibe,Manga__vibe,ultra,https://x.com/Manga__vibe,capsule,#b22020,#ffcc44,#ff3030,image,url,images/chibi_clean/Manga__vibe.png
chibi-mansaofeden,MansaOfEden,common,https://x.com/MansaOfEden,capsule,#2a2a3a,#c0a060,,image,url,images/chibi_clean/MansaOfEden.png
chibi-marek_orz,Marek_Orz,common,https://x.com/Marek_Orz,capsule,#2a2a3a,#c0a060,,image,url,images/chibi_clean/Marek_Orz.png
chibi-margomagola,MargoMagoLa,ultra,https://x.com/MargoMagoLa,capsule,#b22020,#ffcc44,#ff3030,image,url,images/chibi_clean/MargoMagoLa.png
chibi-martymansion,MartyMansion,common,https://x.com/MartyMansion,capsule,#2a2a3a,#c0a060,,image,url,images/chibi_clean/MartyMansion.png
chibi-mashazheglova,MashaZheglova,common,https://x.com/MashaZheglova,capsule,#2a2a3a,#c0a060,,image,url,images/chibi_clean/MashaZheglova.png
chibi-matthewrideout,MatthewRideout,rare,https://x.com/MatthewRideout,capsule,#c0a060,#b22020,,image,url,images/chibi_clean/MatthewRideout.png
chibi-mcgregorjonryan,McgregorJonryan,common,https://x.com/McgregorJonryan,capsule,#2a2a3a,#c0a060,,image,url,images/chibi_clean/McgregorJonryan.png
chibi-michaelfkane,MichaelFKane,common,https://x.com/MichaelFKane,capsule,#2a2a3a,#c0a060,,image,url,images/chibi_clean/MichaelFKane.png
chibi-michaelmemling,MichaelMEmling,common,https://x.com/MichaelMEmling,capsule,#2a2a3a,#c0a060,,image,url,images/chibi_clean/MichaelMEmling.png
chibi-midnightmambo,MidnightMambo,rare,https://x.com/MidnightMambo,capsule,#c0a060,#b22020,,image,url,images/chibi_clean/MidnightMambo.png
chibi-mightymogomra,MightyMogomra,common,https://x.com/MightyMogomra,capsule,#2a2a3a,#c0a060,,image,url,images/chibi_clean/MightyMogomra.png
chibi-mikediazauthor,MikeDiazAuthor,common,https://x.com/MikeDiazAuthor,capsule,#2a2a3a,#c0a060,,image,url,images/chibi_clean/MikeDiazAuthor.png
chibi-milideco_,Milideco_,common,https://x.com/Milideco_,capsule,#2a2a3a,#c0a060,,image,url,images/chibi_clean/Milideco_.png
chibi-millerdakotaj,MillerDakotaJ,common,https://x.com/MillerDakotaJ,capsule,#2a2a3a,#c0a060,,image,url,images/chibi_clean/MillerDakotaJ.png
chibi-miss_lakewood,Miss_Lakewood,common,https://x.com/Miss_Lakewood,capsule,#2a2a3a,#c0a060,,image,url,images/chibi_clean/Miss_Lakewood.png
chibi-mysticalyazzy,MysticalYazzy,common,https://x.com/MysticalYazzy,capsule,#2a2a3a,#c0a060,,image,url,images/chibi_clean/MysticalYazzy.png
chibi-ngorhama4s4,NGorhamA4S4,common,https://x.com/NGorhamA4S4,capsule,#2a2a3a,#c0a060,,image,url,images/chibi_clean/NGorhamA4S4.png
chibi-nainkiriti,NainKiriti,common,https://x.com/NainKiriti,capsule,#2a2a3a,#c0a060,,image,url,images/chibi_clean/NainKiriti.png
chibi-narrisbunnies,NarrisBunnies,rare,https://x.com/NarrisBunnies,capsule,#c0a060,#b22020,,image,url,images/chibi_clean/NarrisBunnies.png
chibi-natashacl7,NatashaCL7,common,https://x.com/NatashaCL7,capsule,#2a2a3a,#c0a060,,image,url,images/chibi_clean/NatashaCL7.png
chibi-nathantheauthor,NathanTheAuthor,common,https://x.com/NathanTheAuthor,capsule,#2a2a3a,#c0a060,,image,url,images/chibi_clean/NathanTheAuthor.png
chibi-neuromancerrrr,Neuromancerrrr,common,https://x.com/Neuromancerrrr,capsule,#2a2a3a,#c0a060,,image,url,images/chibi_clean/Neuromancerrrr.png
chibi-newageretronerd,NewAgeRetroNerd,rare,https://x.com/NewAgeRetroNerd,capsule,#c0a060,#b22020,,image,url,images/chibi_clean/NewAgeRetroNerd.png
chibi-nick_from_texas,Nick_from_Texas,rare,https://x.com/Nick_from_Texas,capsule,#c0a060,#b22020,,image,url,images/chibi_clean/Nick_from_Texas.png
chibi-nikolecallihan,NikoleCallihan,rare,https://x.com/NikoleCallihan,capsule,#c0a060,#b22020,,image,url,images/chibi_clean/NikoleCallihan.png
chibi-nitoraetheris,NitorAetheris,common,https://x.com/NitorAetheris,capsule,#2a2a3a,#c0a060,,image,url,images/chibi_clean/NitorAetheris.png
chibi-noahparisi33495,NoahParisi33495,rare,https://x.com/NoahParisi33495,capsule,#c0a060,#b22020,,image,url,images/chibi_clean/NoahParisi33495.png
chibi-noahraywrites,NoahRayWrites,common,https://x.com/NoahRayWrites,capsule,#2a2a3a,#c0a060,,image,url,images/chibi_clean/NoahRayWrites.png
chibi-nordotshell,NorDotShell,common,https://x.com/NorDotShell,capsule,#2a2a3a,#c0a060,,image,url,images/chibi_clean/NorDotShell.png
chibi-nor_a_wanderer,Nor_a_Wanderer,common,https://x.com/Nor_a_Wanderer,capsule,#2a2a3a,#c0a060,,image,url,images/chibi_clean/Nor_a_Wanderer.png
chibi-nyanpasuka,NyanpasuKA,rare,https://x.com/NyanpasuKA,capsule,#c0a060,#b22020,,image,url,images/chibi_clean/NyanpasuKA.png
chibi-observer_ofyou,Observer_ofyou,rare,https://x.com/Observer_ofyou,capsule,#c0a060,#b22020,,image,url,images/chibi_clean/Observer_ofyou.png
chibi-ollyoxalls,Ollyoxalls,rare,https://x.com/Ollyoxalls,capsule,#c0a060,#b22020,,image,url,images/chibi_clean/Ollyoxalls.png
chibi-orad32,Orad32,common,https://x.com/Orad32,capsule,#2a2a3a,#c0a060,,image,url,images/chibi_clean/Orad32.png
chibi-oyamatypebeat,OyamaTypeBeat,common,https://x.com/OyamaTypeBeat,capsule,#2a2a3a,#c0a060,,image,url,images/chibi_clean/OyamaTypeBeat.png
chibi-patparent249401,Patparent249401,common,https://x.com/Patparent249401,capsule,#2a2a3a,#c0a060,,image,url,images/chibi_clean/Patparent249401.png
chibi-pavelsnajdr,PavelSnajdr,common,https://x.com/PavelSnajdr,capsule,#2a2a3a,#c0a060,,image,url,images/chibi_clean/PavelSnajdr.png
chibi-peytonc61814914,PeytonC61814914,rare,https://x.com/PeytonC61814914,capsule,#c0a060,#b22020,,image,url,images/chibi_clean/PeytonC61814914.png
chibi-poetandidoughit,PoetandIDoughIt,common,https://x.com/PoetandIDoughIt,capsule,#2a2a3a,#c0a060,,image,url,images/chibi_clean/PoetandIDoughIt.png
chibi-praxis_fall,Praxis_Fall,common,https://x.com/Praxis_Fall,capsule,#2a2a3a,#c0a060,,image,url,images/chibi_clean/Praxis_Fall.png
chibi-prof_atikin,Prof_Atikin,rare,https://x.com/Prof_Atikin,capsule,#c0a060,#b22020,,image,url,images/chibi_clean/Prof_Atikin.png
chibi-professor_ho_oh,Professor_Ho_Oh,common,https://x.com/Professor_Ho_Oh,capsule,#2a2a3a,#c0a060,,image,url,images/chibi_clean/Professor_Ho_Oh.png
chibi-promptpilot,PromptPilot,common,https://x.com/PromptPilot,capsule,#2a2a3a,#c0a060,,image,url,images/chibi_clean/PromptPilot.png
chibi-psyko_killa,Psyko_Killa,rare,https://x.com/Psyko_Killa,capsule,#c0a060,#b22020,,image,url,images/chibi_clean/Psyko_Killa.png
chibi-pxlhulk,PxlHulk,common,https://x.com/PxlHulk,capsule,#2a2a3a,#c0a060,,image,url,images/chibi_clean/PxlHulk.png
chibi-q_wacko,Q_wacko,common,https://x.com/Q_wacko,capsule,#2a2a3a,#c0a060,,image,url,images/chibi_clean/Q_wacko.png
chibi-quetzalphoenix,QuetzalPhoenix,common,https://x.com/QuetzalPhoenix,capsule,#2a2a3a,#c0a060,,image,url,images/chibi_clean/QuetzalPhoenix.png
chibi-r3gularamerican,R3gularAmerican,common,https://x.com/R3gularAmerican,capsule,#2a2a3a,#c0a060,,image,url,images/chibi_clean/R3gularAmerican.png
chibi-racassells_auth,RACassells_auth,common,https://x.com/RACassells_auth,capsule,#2a2a3a,#c0a060,,image,url,images/chibi_clean/RACassells_auth.png
chibi-revolvo_ocelots,REVOLVO_OCELOTS,rare,https://x.com/REVOLVO_OCELOTS,capsule,#c0a060,#b22020,,image,url,images/chibi_clean/REVOLVO_OCELOTS.png
chibi-rafa_schwinger,Rafa_Schwinger,common,https://x.com/Rafa_Schwinger,capsule,#2a2a3a,#c0a060,,image,url,images/chibi_clean/Rafa_Schwinger.png
chibi-rahulsainlll,Rahulsainlll,common,https://x.com/Rahulsainlll,capsule,#2a2a3a,#c0a060,,image,url,images/chibi_clean/Rahulsainlll.png
chibi-randomtypek,RandomTypek,rare,https://x.com/RandomTypek,capsule,#c0a060,#b22020,,image,url,images/chibi_clean/RandomTypek.png
chibi-rationalprepper,RationalPrepper,common,https://x.com/RationalPrepper,capsule,#2a2a3a,#c0a060,,image,url,images/chibi_clean/RationalPrepper.png
chibi-realbensobel,RealBenSobel,ultra,https://x.com/RealBenSobel,capsule,#b22020,#ffcc44,#ff3030,image,url,images/chibi_clean/RealBenSobel.png
chibi-redplanetwoman,RedPlanetWoman,common,https://x.com/RedPlanetWoman,capsule,#2a2a3a,#c0a060,,image,url,images/chibi_clean/RedPlanetWoman.png
chibi-reibellionix,Reibellionix,common,https://x.com/Reibellionix,capsule,#2a2a3a,#c0a060,,image,url,images/chibi_clean/Reibellionix.png
chibi-rejectentropy,RejectEntropy,common,https://x.com/RejectEntropy,capsule,#2a2a3a,#c0a060,,image,url,images/chibi_clean/RejectEntropy.png
chibi-rexxyplus,RexxyPlus,common,https://x.com/RexxyPlus,capsule,#2a2a3a,#c0a060,,image,url,images/chibi_clean/RexxyPlus.png
chibi-richardarion1,RichardArion1,common,https://x.com/RichardArion1,capsule,#2a2a3a,#c0a060,,image,url,images/chibi_clean/RichardArion1.png
chibi-robbiepasquale,RobbiePasquale,common,https://x.com/RobbiePasquale,capsule,#2a2a3a,#c0a060,,image,url,images/chibi_clean/RobbiePasquale.png
chibi-ruicarrilho5,RuiCarrilho5,common,https://x.com/RuiCarrilho5,capsule,#2a2a3a,#c0a060,,image,url,images/chibi_clean/RuiCarrilho5.png
chibi-sfcswii,SFCSWII,common,https://x.com/SFCSWII,capsule,#2a2a3a,#c0a060,,image,url,images/chibi_clean/SFCSWII.png
chibi-speek_up_librol,SPEEK_UP_LIBROL,common,https://x.com/SPEEK_UP_LIBROL,capsule,#2a2a3a,#c0a060,,image,url,images/chibi_clean/SPEEK_UP_LIBROL.png
chibi-swargoat,SWargoat,common,https://x.com/SWargoat,capsule,#2a2a3a,#c0a060,,image,url,images/chibi_clean/SWargoat.png
chibi-sanatan_dive,Sanatan_dive,rare,https://x.com/Sanatan_dive,capsule,#c0a060,#b22020,,image,url,images/chibi_clean/Sanatan_dive.png
chibi-savvasmith,SavvaSmith,common,https://x.com/SavvaSmith,capsule,#2a2a3a,#c0a060,,image,url,images/chibi_clean/SavvaSmith.png
chibi-schlongusprimp,SchlongusPrimp,rare,https://x.com/SchlongusPrimp,capsule,#c0a060,#b22020,,image,url,images/chibi_clean/SchlongusPrimp.png
chibi-scorpionchekin,ScorpionChekIn,rare,https://x.com/ScorpionChekIn,capsule,#c0a060,#b22020,,image,url,images/chibi_clean/ScorpionChekIn.png
chibi-scottpalmer2025,ScottPalmer2025,common,https://x.com/ScottPalmer2025,capsule,#2a2a3a,#c0a060,,image,url,images/chibi_clean/ScottPalmer2025.png
chibi-selramirez1997,SelRamirez1997,common,https://x.com/SelRamirez1997,capsule,#2a2a3a,#c0a060,,image,url,images/chibi_clean/SelRamirez1997.png
chibi-seraph_notitia,Seraph_Notitia,common,https://x.com/Seraph_Notitia,capsule,#2a2a3a,#c0a060,,image,url,images/chibi_clean/Seraph_Notitia.png
chibi-shayne_327,Shayne_327,common,https://x.com/Shayne_327,capsule,#2a2a3a,#c0a060,,image,url,images/chibi_clean/Shayne_327.png
chibi-shind222_coco,ShinD222_coco,rare,https://x.com/ShinD222_coco,capsule,#c0a060,#b22020,,image,url,images/chibi_clean/ShinD222_coco.png
chibi-silkswift_,SilkSwift_,common,https://x.com/SilkSwift_,capsule,#2a2a3a,#c0a060,,image,url,images/chibi_clean/SilkSwift_.png
chibi-silverscholar15,SilverScholar15,common,https://x.com/SilverScholar15,capsule,#2a2a3a,#c0a060,,image,url,images/chibi_clean/SilverScholar15.png
chibi-sinceremickey,SincereMickey,common,https://x.com/SincereMickey,capsule,#2a2a3a,#c0a060,,image,url,images/chibi_clean/SincereMickey.png
chibi-sixbangs,SixBangs,common,https://x.com/SixBangs,capsule,#2a2a3a,#c0a060,,image,url,images/chibi_clean/SixBangs.png
chibi-sixninjafists,SixNinjaFists,common,https://x.com/SixNinjaFists,capsule,#2a2a3a,#c0a060,,image,url,images/chibi_clean/SixNinjaFists.png
chibi-skeletorinvests,SkeletorInvests,common,https://x.com/SkeletorInvests,capsule,#2a2a3a,#c0a060,,image,url,images/chibi_clean/SkeletorInvests.png
chibi-snowvilled,SnowVilleD,common,https://x.com/SnowVilleD,capsule,#2a2a3a,#c0a060,,image,url,images/chibi_clean/SnowVilleD.png
chibi-spacedangaming,SpaceDanGaming,common,https://x.com/SpaceDanGaming,capsule,#2a2a3a,#c0a060,,image,url,images/chibi_clean/SpaceDanGaming.png
chibi-spiderslim,Spiderslim,common,https://x.com/Spiderslim,capsule,#2a2a3a,#c0a060,,image,url,images/chibi_clean/Spiderslim.png
chibi-stephenmconway,StephenMConway,common,https://x.com/StephenMConway,capsule,#2a2a3a,#c0a060,,image,url,images/chibi_clean/StephenMConway.png
chibi-stilltypewritin,StillTypeWritin,ultra,https://x.com/StillTypeWritin,capsule,#b22020,#ffcc44,#ff3030,image,url,images/chibi_clean/StillTypeWritin.png
chibi-stonewrot,Stonewrot,common,https://x.com/Stonewrot,capsule,#2a2a3a,#c0a060,,image,url,images/chibi_clean/Stonewrot.png
chibi-stormy_dloa,Stormy_DLoA,common,https://x.com/Stormy_DLoA,capsule,#2a2a3a,#c0a060,,image,url,images/chibi_clean/Stormy_DLoA.png
chibi-storygrid,StoryGrid,common,https://x.com/StoryGrid,capsule,#2a2a3a,#c0a060,,image,url,images/chibi_clean/StoryGrid.png
chibi-strangepages,StrangePages,common,https://x.com/StrangePages,capsule,#2a2a3a,#c0a060,,image,url,images/chibi_clean/StrangePages.png
chibi-swappiness0,Swappiness0,common,https://x.com/Swappiness0,capsule,#2a2a3a,#c0a060,,image,url,images/chibi_clean/Swappiness0.png
chibi-swordoflabanx,SwordOfLabanX,rare,https://x.com/SwordOfLabanX,capsule,#c0a060,#b22020,,image,url,images/chibi_clean/SwordOfLabanX.png
chibi-tar_kirk,TAR_Kirk,common,https://x.com/TAR_Kirk,capsule,#2a2a3a,#c0a060,,image,url,images/chibi_clean/TAR_Kirk.png
chibi-tanayvasishtha,TanayVasishtha,common,https://x.com/TanayVasishtha,capsule,#2a2a3a,#c0a060,,image,url,images/chibi_clean/TanayVasishtha.png
chibi-tanukichi_mingo,Tanukichi_mingo,rare,https://x.com/Tanukichi_mingo,capsule,#c0a060,#b22020,,image,url,images/chibi_clean/Tanukichi_mingo.png
chibi-tazz1890,TazZ1890,rare,https://x.com/TazZ1890,capsule,#c0a060,#b22020,,image,url,images/chibi_clean/TazZ1890.png
chibi-techniacus,Techniacus,common,https://x.com/Techniacus,capsule,#2a2a3a,#c0a060,,image,url,images/chibi_clean/Techniacus.png
chibi-theaidenwagner,TheAidenWagner,common,https://x.com/TheAidenWagner,capsule,#2a2a3a,#c0a060,,image,url,images/chibi_clean/TheAidenWagner.png
chibi-thegamingcynics,TheGamingCynics,rare,https://x.com/TheGamingCynics,capsule,#c0a060,#b22020,,image,url,images/chibi_clean/TheGamingCynics.png
chibi-theofficialjots,TheOfficialJOTS,common,https://x.com/TheOfficialJOTS,capsule,#2a2a3a,#c0a060,,image,url,images/chibi_clean/TheOfficialJOTS.png
chibi-thepiperpie,ThePiperPie,common,https://x.com/ThePiperPie,capsule,#2a2a3a,#c0a060,,image,url,images/chibi_clean/ThePiperPie.png
chibi-the_ogna,The_Ogna,common,https://x.com/The_Ogna,capsule,#2a2a3a,#c0a060,,image,url,images/chibi_clean/The_Ogna.png
chibi-thinkwiselymatt,ThinkWiselyMatt,common,https://x.com/ThinkWiselyMatt,capsule,#2a2a3a,#c0a060,,image,url,images/chibi_clean/ThinkWiselyMatt.png
chibi-tiagorresende,TiagoRResende,common,https://x.com/TiagoRResende,capsule,#2a2a3a,#c0a060,,image,url,images/chibi_clean/TiagoRResende.png
chibi-timerectangle,TimeRectangle,common,https://x.com/TimeRectangle,capsule,#2a2a3a,#c0a060,,image,url,images/chibi_clean/TimeRectangle.png
chibi-tolvanskull,TolvanSkull,ultra,https://x.com/TolvanSkull,capsule,#b22020,#ffcc44,#ff3030,image,url,images/chibi_clean/TolvanSkull.png
chibi-tomeidk,TomeIDK,common,https://x.com/TomeIDK,capsule,#2a2a3a,#c0a060,,image,url,images/chibi_clean/TomeIDK.png
chibi-treelakerain,TreeLakeRain,rare,https://x.com/TreeLakeRain,capsule,#c0a060,#b22020,,image,url,images/chibi_clean/TreeLakeRain.png
chibi-truckerkun,TruckerKun,common,https://x.com/TruckerKun,capsule,#2a2a3a,#c0a060,,image,url,images/chibi_clean/TruckerKun.png
chibi-tushitgargg,TushitGargg,rare,https://x.com/TushitGargg,capsule,#c0a060,#b22020,,image,url,images/chibi_clean/TushitGargg.png
chibi-underattacher,Underattacher,rare,https://x.com/Underattacher,capsule,#c0a060,#b22020,,image,url,images/chibi_clean/Underattacher.png
chibi-unfetteredhai,UnfetteredHai,common,https://x.com/UnfetteredHai,capsule,#2a2a3a,#c0a060,,image,url,images/chibi_clean/UnfetteredHai.png
chibi-unleashthemind7,Unleashthemind7,common,https://x.com/Unleashthemind7,capsule,#2a2a3a,#c0a060,,image,url,images/chibi_clean/Unleashthemind7.png
chibi-vauche7777,Vauche7777,common,https://x.com/Vauche7777,capsule,#2a2a3a,#c0a060,,image,url,images/chibi_clean/Vauche7777.png
chibi-veritasmsywu,VeritasMSYWu,common,https://x.com/VeritasMSYWu,capsule,#2a2a3a,#c0a060,,image,url,images/chibi_clean/VeritasMSYWu.png
chibi-vesperstel0,Vesperstel0,common,https://x.com/Vesperstel0,capsule,#2a2a3a,#c0a060,,image,url,images/chibi_clean/Vesperstel0.png
chibi-vestboy_myst,Vestboy_Myst,common,https://x.com/Vestboy_Myst,capsule,#2a2a3a,#c0a060,,image,url,images/chibi_clean/Vestboy_Myst.png
chibi-vincirss,VinciRSS,common,https://x.com/VinciRSS,capsule,#2a2a3a,#c0a060,,image,url,images/chibi_clean/VinciRSS.png
chibi-viraxvespa,ViraXVespa,common,https://x.com/ViraXVespa,capsule,#2a2a3a,#c0a060,,image,url,images/chibi_clean/ViraXVespa.png
chibi-virgilsquill,VirgilsQuill,common,https://x.com/VirgilsQuill,capsule,#2a2a3a,#c0a060,,image,url,images/chibi_clean/VirgilsQuill.png
chibi-vleiscerbette11,Vleiscerbette11,common,https://x.com/Vleiscerbette11,capsule,#2a2a3a,#c0a060,,image,url,images/chibi_clean/Vleiscerbette11.png
chibi-voltorik_,Voltorik_,common,https://x.com/Voltorik_,capsule,#2a2a3a,#c0a060,,image,url,images/chibi_clean/Voltorik_.png
chibi-voyanceclarence,VoyanceClarence,common,https://x.com/VoyanceClarence,capsule,#2a2a3a,#c0a060,,image,url,images/chibi_clean/VoyanceClarence.png
chibi-wmartovich,WMartovich,common,https://x.com/WMartovich,capsule,#2a2a3a,#c0a060,,image,url,images/chibi_clean/WMartovich.png
chibi-wadegrimridge,WadeGrimridge,rare,https://x.com/WadeGrimridge,capsule,#c0a060,#b22020,,image,url,images/chibi_clean/WadeGrimridge.png
chibi-wagieweeb,WagieWeeb,common,https://x.com/WagieWeeb,capsule,#2a2a3a,#c0a060,,image,url,images/chibi_clean/WagieWeeb.png
chibi-wearereds281,Wearereds281,common,https://x.com/Wearereds281,capsule,#2a2a3a,#c0a060,,image,url,images/chibi_clean/Wearereds281.png
chibi-webstardavid,WebstarDavid,ultra,https://x.com/WebstarDavid,capsule,#b22020,#ffcc44,#ff3030,image,url,images/chibi_clean/WebstarDavid.png
chibi-wickedfreckledt,WickedFreckledT,common,https://x.com/WickedFreckledT,capsule,#2a2a3a,#c0a060,,image,url,images/chibi_clean/WickedFreckledT.png
chibi-wolfie1775,Wolfie1775,common,https://x.com/Wolfie1775,capsule,#2a2a3a,#c0a060,,image,url,images/chibi_clean/Wolfie1775.png
chibi-writingstickman,WritingStickMan,common,https://x.com/WritingStickMan,capsule,#2a2a3a,#c0a060,,image,url,images/chibi_clean/WritingStickMan.png
chibi-xenowhitex,XENOWHITEx,common,https://x.com/XENOWHITEx,capsule,#2a2a3a,#c0a060,,image,url,images/chibi_clean/XENOWHITEx.png
chibi-young_blw13,Young_Blw13,common,https://x.com/Young_Blw13,capsule,#2a2a3a,#c0a060,,image,url,images/chibi_clean/Young_Blw13.png
chibi-zoltraak_qual,Zoltraak_Qual,common,https://x.com/Zoltraak_Qual,capsule,#2a2a3a,#c0a060,,image,url,images/chibi_clean/Zoltraak_Qual.png
chibi-zymazza,ZyMazza,common,https://x.com/ZyMazza,capsule,#2a2a3a,#c0a060,,image,url,images/chibi_clean/ZyMazza.png
chibi-_john_reed,_John_Reed,common,https://x.com/_John_Reed,capsule,#2a2a3a,#c0a060,,image,url,images/chibi_clean/_John_Reed.png
chibi-_knight_writer,_Knight_writer,rare,https://x.com/_Knight_writer,capsule,#c0a060,#b22020,,image,url,images/chibi_clean/_Knight_writer.png
chibi-__ct__01,__CT__01,common,https://x.com/__CT__01,capsule,#2a2a3a,#c0a060,,image,url,images/chibi_clean/__CT__01.png
chibi-__zill4__,__Zill4__,rare,https://x.com/__Zill4__,capsule,#c0a060,#b22020,,image,url,images/chibi_clean/__Zill4__.png
chibi-__iamarnav,__iamarnav,common,https://x.com/__iamarnav,capsule,#2a2a3a,#c0a060,,image,url,images/chibi_clean/__iamarnav.png
chibi-_ansh_ig,_ansh_ig,common,https://x.com/_ansh_ig,capsule,#2a2a3a,#c0a060,,image,url,images/chibi_clean/_ansh_ig.png
chibi-_farhanfarooq,_farhanfarooq,common,https://x.com/_farhanfarooq,capsule,#2a2a3a,#c0a060,,image,url,images/chibi_clean/_farhanfarooq.png
chibi-_hakagie,_hakagie,common,https://x.com/_hakagie,capsule,#2a2a3a,#c0a060,,image,url,images/chibi_clean/_hakagie.png
chibi-_imdawon,_imdawon,common,https://x.com/_imdawon,capsule,#2a2a3a,#c0a060,,image,url,images/chibi_clean/_imdawon.png
chibi-_imsigh,_imsigh,rare,https://x.com/_imsigh,capsule,#c0a060,#b22020,,image,url,images/chibi_clean/_imsigh.png
chibi-_kiyosh1,_kiyosh1,rare,https://x.com/_kiyosh1,capsule,#c0a060,#b22020,,image,url,images/chibi_clean/_kiyosh1.png
chibi-_rabbi,_rabbi,common,https://x.com/_rabbi,capsule,#2a2a3a,#c0a060,,image,url,images/chibi_clean/_rabbi.png
chibi-aaaavws,aaaavws,common,https://x.com/aaaavws,capsule,#2a2a3a,#c0a060,,image,url,images/chibi_clean/aaaavws.png
chibi-aarondotdev,aarondotdev,common,https://x.com/aarondotdev,capsule,#2a2a3a,#c0a060,,image,url,images/chibi_clean/aarondotdev.png
chibi-aashatwt,aashatwt,common,https://x.com/aashatwt,capsule,#2a2a3a,#c0a060,,image,url,images/chibi_clean/aashatwt.png
chibi-accelebate,accelebate,common,https://x.com/accelebate,capsule,#2a2a3a,#c0a060,,image,url,images/chibi_clean/accelebate.png
chibi-acreciti,acreciti,rare,https://x.com/acreciti,capsule,#c0a060,#b22020,,image,url,images/chibi_clean/acreciti.png
chibi-aetlantian,aetlantian,common,https://x.com/aetlantian,capsule,#2a2a3a,#c0a060,,image,url,images/chibi_clean/aetlantian.png
chibi-aimemesdotcom,aimemesdotcom,common,https://x.com/aimemesdotcom,capsule,#2a2a3a,#c0a060,,image,url,images/chibi_clean/aimemesdotcom.png
chibi-ajayyy4y,ajayyy4y,common,"ml • cs • art

https://x.com/ajayyy4y",capsule,#2a2a3a,#c0a060,,image,url,images/chibi_clean/ajayyy4y.png
chibi-alightinastorm,alightinastorm,common,https://x.com/alightinastorm,capsule,#2a2a3a,#c0a060,,image,url,images/chibi_clean/alightinastorm.png
chibi-alinear_ascent,alinear_ascent,common,https://x.com/alinear_ascent,capsule,#2a2a3a,#c0a060,,image,url,images/chibi_clean/alinear_ascent.png
chibi-alpaysh,alpaysh,ultra,https://x.com/alpaysh,capsule,#b22020,#ffcc44,#ff3030,image,url,images/chibi_clean/alpaysh.png
chibi-alxstai,alxstai,rare,https://x.com/alxstai,capsule,#c0a060,#b22020,,image,url,images/chibi_clean/alxstai.png
chibi-amdkits,amdkits,common,https://x.com/amdkits,capsule,#2a2a3a,#c0a060,,image,url,images/chibi_clean/amdkits.png
chibi-american_d1ce,american_d1ce,common,https://x.com/american_d1ce,capsule,#2a2a3a,#c0a060,,image,url,images/chibi_clean/american_d1ce.png
chibi-ankkala,ankkala,common,https://x.com/ankkala,capsule,#2a2a3a,#c0a060,,image,url,images/chibi_clean/ankkala.png
chibi-anonamish_12,anonamish_12,common,https://x.com/anonamish_12,capsule,#2a2a3a,#c0a060,,image,url,images/chibi_clean/anonamish_12.png
chibi-antlionai,antlionai,common,https://x.com/antlionai,capsule,#2a2a3a,#c0a060,,image,url,images/chibi_clean/antlionai.png
chibi-api_assasin,api_assasin,common,https://x.com/api_assasin,capsule,#2a2a3a,#c0a060,,image,url,images/chibi_clean/api_assasin.png
chibi-arcdev12,arcDev12,common,https://x.com/arcDev12,capsule,#2a2a3a,#c0a060,,image,url,images/chibi_clean/arcDev12.png
chibi-archibaldxiv,archibaldxiv,common,https://x.com/archibaldxiv,capsule,#2a2a3a,#c0a060,,image,url,images/chibi_clean/archibaldxiv.png
chibi-archon,archon,common,https://x.com/archon,capsule,#2a2a3a,#c0a060,,image,url,images/chibi_clean/archon.png
chibi-arealhumantony,arealhumantony,common,https://x.com/arealhumantony,capsule,#2a2a3a,#c0a060,,image,url,images/chibi_clean/arealhumantony.png
chibi-ark__,ark__,common,https://x.com/ark__,capsule,#2a2a3a,#c0a060,,image,url,images/chibi_clean/ark__.png
chibi-asynchronous_x,asynchronous_x,common,https://x.com/asynchronous_x,capsule,#2a2a3a,#c0a060,,image,url,images/chibi_clean/asynchronous_x.png
chibi-atkmywk,atkmywk,common,https://x.com/atkmywk,capsule,#2a2a3a,#c0a060,,image,url,images/chibi_clean/atkmywk.png
chibi-atulit_gaur,atulit_gaur,common,https://x.com/atulit_gaur,capsule,#2a2a3a,#c0a060,,image,url,images/chibi_clean/atulit_gaur.png
chibi-austnnet,austnnet,common,https://x.com/austnnet,capsule,#2a2a3a,#c0a060,,image,url,images/chibi_clean/austnnet.png
chibi-auxillarybody,auxillarybody,common,https://x.com/auxillarybody,capsule,#2a2a3a,#c0a060,,image,url,images/chibi_clean/auxillarybody.png
chibi-basedanarki,basedanarki,common,https://x.com/basedanarki,capsule,#2a2a3a,#c0a060,,image,url,images/chibi_clean/basedanarki.png
chibi-basedkuromiboi,basedkuromiboi,common,https://x.com/basedkuromiboi,capsule,#2a2a3a,#c0a060,,image,url,images/chibi_clean/basedkuromiboi.png
chibi-bdragoncore,bdragoncore,rare,https://x.com/bdragoncore,capsule,#c0a060,#b22020,,image,url,images/chibi_clean/bdragoncore.png
chibi-beardedbestie,beardedbestie,common,https://x.com/beardedbestie,capsule,#2a2a3a,#c0a060,,image,url,images/chibi_clean/beardedbestie.png
chibi-beckettecom,beckettecom,common,https://x.com/beckettecom,capsule,#2a2a3a,#c0a060,,image,url,images/chibi_clean/beckettecom.png
chibi-becomingsaitama,becomingsaitama,common,https://x.com/becomingsaitama,capsule,#2a2a3a,#c0a060,,image,url,images/chibi_clean/becomingsaitama.png
chibi-benny00pilot,benny00pilot,common,https://x.com/benny00pilot,capsule,#2a2a3a,#c0a060,,image,url,images/chibi_clean/benny00pilot.png
chibi-bionicleeugenic,bionicleeugenic,rare,https://x.com/bionicleeugenic,capsule,#c0a060,#b22020,,image,url,images/chibi_clean/bionicleeugenic.png
chibi-bippolaroid,bippolaroid,common,https://x.com/bippolaroid,capsule,#2a2a3a,#c0a060,,image,url,images/chibi_clean/bippolaroid.png
chibi-birdabo,birdabo,common,https://x.com/birdabo,capsule,#2a2a3a,#c0a060,,image,url,images/chibi_clean/birdabo.png
chibi-bizzybeccabee,bizzybeccabee,common,https://x.com/bizzybeccabee,capsule,#2a2a3a,#c0a060,,image,url,images/chibi_clean/bizzybeccabee.png
chibi-bonegpt,boneGPT,common,https://x.com/boneGPT,capsule,#2a2a3a,#c0a060,,image,url,images/chibi_clean/boneGPT.png
chibi-branchcodex,branchcodex,rare,https://x.com/branchcodex,capsule,#c0a060,#b22020,,image,url,images/chibi_clean/branchcodex.png
chibi-brimshae,brimshae,rare,https://x.com/brimshae,capsule,#c0a060,#b22020,,image,url,images/chibi_clean/brimshae.png
chibi-buhhhryan,buhhhryan,common,https://x.com/buhhhryan,capsule,#2a2a3a,#c0a060,,image,url,images/chibi_clean/buhhhryan.png
chibi-bullet_proofdad,bullet_proofdad,rare,https://x.com/bullet_proofdad,capsule,#c0a060,#b22020,,image,url,images/chibi_clean/bullet_proofdad.png
chibi-bungombe,bungoMBE,common,https://x.com/bungoMBE,capsule,#2a2a3a,#c0a060,,image,url,images/chibi_clean/bungoMBE.png
chibi-burtbume,burtbume,common,https://x.com/burtbume,capsule,#2a2a3a,#c0a060,,image,url,images/chibi_clean/burtbume.png
chibi-c6buzza,c6buzza,common,https://x.com/c6buzza,capsule,#2a2a3a,#c0a060,,image,url,images/chibi_clean/c6buzza.png
chibi-cazcudoact4,cazcudoact4,rare,https://x.com/cazcudoact4,capsule,#c0a060,#b22020,,image,url,images/chibi_clean/cazcudoact4.png
chibi-chingunkh,chingunkh,common,https://x.com/chingunkh,capsule,#2a2a3a,#c0a060,,image,url,images/chibi_clean/chingunkh.png
chibi-circles_r_phun,circles_r_phun,common,https://x.com/circles_r_phun,capsule,#2a2a3a,#c0a060,,image,url,images/chibi_clean/circles_r_phun.png
chibi-ciscoparadox,ciscoparadox,common,https://x.com/ciscoparadox,capsule,#2a2a3a,#c0a060,,image,url,images/chibi_clean/ciscoparadox.png
chibi-ckeyte546,ckeyte546,common,https://x.com/ckeyte546,capsule,#2a2a3a,#c0a060,,image,url,images/chibi_clean/ckeyte546.png
chibi-clarrrentt,clarrrentt,common,https://x.com/clarrrentt,capsule,#2a2a3a,#c0a060,,image,url,images/chibi_clean/clarrrentt.png
chibi-compuficial,compuficial,common,https://x.com/compuficial,capsule,#2a2a3a,#c0a060,,image,url,images/chibi_clean/compuficial.png
chibi-consulted_graph,consulted_graph,common,https://x.com/consulted_graph,capsule,#2a2a3a,#c0a060,,image,url,images/chibi_clean/consulted_graph.png
chibi-cries4lies,cries4lies,rare,https://x.com/cries4lies,capsule,#c0a060,#b22020,,image,url,images/chibi_clean/cries4lies.png
chibi-crisvenez95,crisvenez95,rare,https://x.com/crisvenez95,capsule,#c0a060,#b22020,,image,url,images/chibi_clean/crisvenez95.png
chibi-crodie,crodie,rare,https://x.com/crodie,capsule,#c0a060,#b22020,,image,url,images/chibi_clean/crodie.png
chibi-ctlights___,ctLights___,common,https://x.com/ctLights___,capsule,#2a2a3a,#c0a060,,image,url,images/chibi_clean/ctLights___.png
chibi-ctrlaltmommy,ctrlaltmommy,rare,https://x.com/ctrlaltmommy,capsule,#c0a060,#b22020,,image,url,images/chibi_clean/ctrlaltmommy.png
chibi-cybermonk1701,cybermonk1701,common,https://x.com/cybermonk1701,capsule,#2a2a3a,#c0a060,,image,url,images/chibi_clean/cybermonk1701.png
chibi-dank_herbert,dank_herbert,common,https://x.com/dank_herbert,capsule,#2a2a3a,#c0a060,,image,url,images/chibi_clean/dank_herbert.png
chibi-darklordjournal,darklordjournal,common,https://x.com/darklordjournal,capsule,#2a2a3a,#c0a060,,image,url,images/chibi_clean/darklordjournal.png
chibi-davidorpz,davidorpz,common,https://x.com/davidorpz,capsule,#2a2a3a,#c0a060,,image,url,images/chibi_clean/davidorpz.png
chibi-dax_____x,dax_____X,common,https://x.com/dax_____X,capsule,#2a2a3a,#c0a060,,image,url,images/chibi_clean/dax_____X.png
chibi-deanpb_author,deanpb_author,common,https://x.com/deanpb_author,capsule,#2a2a3a,#c0a060,,image,url,images/chibi_clean/deanpb_author.png
chibi-devstorymemory,devstorymemory,common,https://x.com/devstorymemory,capsule,#2a2a3a,#c0a060,,image,url,images/chibi_clean/devstorymemory.png
chibi-didusaythis,didusaythis,rare,https://x.com/didusaythis,capsule,#c0a060,#b22020,,image,url,images/chibi_clean/didusaythis.png
chibi-distributedkv,distributedkv,common,https://x.com/distributedkv,capsule,#2a2a3a,#c0a060,,image,url,images/chibi_clean/distributedkv.png
chibi-djcows,djcows,common,https://x.com/djcows,capsule,#2a2a3a,#c0a060,,image,url,images/chibi_clean/djcows.png
chibi-domic137,domic137,common,https://x.com/domic137,capsule,#2a2a3a,#c0a060,,image,url,images/chibi_clean/domic137.png
chibi-donguriweb,donguriweb,common,https://x.com/donguriweb,capsule,#2a2a3a,#c0a060,,image,url,images/chibi_clean/donguriweb.png
chibi-donsatamoto,donsatamoto,common,https://x.com/donsatamoto,capsule,#2a2a3a,#c0a060,,image,url,images/chibi_clean/donsatamoto.png
chibi-dotproductt,dotproductt,common,https://x.com/dotproductt,capsule,#2a2a3a,#c0a060,,image,url,images/chibi_clean/dotproductt.png
chibi-dreamworks2050,dreamworks2050,common,https://x.com/dreamworks2050,capsule,#2a2a3a,#c0a060,,image,url,images/chibi_clean/dreamworks2050.png
chibi-dustindoner,dustindoner,common,https://x.com/dustindoner,capsule,#2a2a3a,#c0a060,,image,url,images/chibi_clean/dustindoner.png
chibi-dwarfbretonnia,dwarfbretonnia,common,https://x.com/dwarfbretonnia,capsule,#2a2a3a,#c0a060,,image,url,images/chibi_clean/dwarfbretonnia.png
chibi-dynamic_linker,dynamic_linker,common,https://x.com/dynamic_linker,capsule,#2a2a3a,#c0a060,,image,url,images/chibi_clean/dynamic_linker.png
chibi-e0syn,e0syn,common,https://x.com/e0syn,capsule,#2a2a3a,#c0a060,,image,url,images/chibi_clean/e0syn.png
chibi-eaccngineer,eaccngineer,common,https://x.com/eaccngineer,capsule,#2a2a3a,#c0a060,,image,url,images/chibi_clean/eaccngineer.png
chibi-earlyxbt,earlyxbt,common,https://x.com/earlyxbt,capsule,#2a2a3a,#c0a060,,image,url,images/chibi_clean/earlyxbt.png
chibi-echodynamis,echodynamis,rare,https://x.com/echodynamis,capsule,#c0a060,#b22020,,image,url,images/chibi_clean/echodynamis.png
chibi-ecombeckett,ecombeckett,rare,https://x.com/ecombeckett,capsule,#c0a060,#b22020,,image,url,images/chibi_clean/ecombeckett.png
chibi-edkesuma,edkesuma,common,https://x.com/edkesuma,capsule,#2a2a3a,#c0a060,,image,url,images/chibi_clean/edkesuma.png
chibi-egor0x,egor0x,common,https://x.com/egor0x,capsule,#2a2a3a,#c0a060,,image,url,images/chibi_clean/egor0x.png
chibi-ellourrah,ellourrah,common,https://x.com/ellourrah,capsule,#2a2a3a,#c0a060,,image,url,images/chibi_clean/ellourrah.png
chibi-emseebong,emseebong,common,https://x.com/emseebong,capsule,#2a2a3a,#c0a060,,image,url,images/chibi_clean/emseebong.png
chibi-erroneous_input,erroneous_input,common,https://x.com/erroneous_input,capsule,#2a2a3a,#c0a060,,image,url,images/chibi_clean/erroneous_input.png
chibi-esqexr,esqexr,common,https://x.com/esqexr,capsule,#2a2a3a,#c0a060,,image,url,images/chibi_clean/esqexr.png
chibi-etriclearns,etriclearns,common,https://x.com/etriclearns,capsule,#2a2a3a,#c0a060,,image,url,images/chibi_clean/etriclearns.png
chibi-exedexes1,exedexes1,rare,https://x.com/exedexes1,capsule,#c0a060,#b22020,,image,url,images/chibi_clean/exedexes1.png
chibi-exndeos,exndeos,common,https://x.com/exndeos,capsule,#2a2a3a,#c0a060,,image,url,images/chibi_clean/exndeos.png
chibi-f_lecroissant,f_lecroissant,rare,https://x.com/f_lecroissant,capsule,#c0a060,#b22020,,image,url,images/chibi_clean/f_lecroissant.png
chibi-fantasy_art_z,fantasy_art_z,common,https://x.com/fantasy_art_z,capsule,#2a2a3a,#c0a060,,image,url,images/chibi_clean/fantasy_art_z.png
chibi-fayehollidaye,fayehollidaye,common,https://x.com/fayehollidaye,capsule,#2a2a3a,#c0a060,,image,url,images/chibi_clean/fayehollidaye.png
chibi-finixyta,finixyta,common,https://x.com/finixyta,capsule,#2a2a3a,#c0a060,,image,url,images/chibi_clean/finixyta.png
chibi-fizzyhiii,fizzyhiii,common,https://x.com/fizzyhiii,capsule,#2a2a3a,#c0a060,,image,url,images/chibi_clean/fizzyhiii.png
chibi-forloopcodes,forloopcodes,rare,https://x.com/forloopcodes,capsule,#c0a060,#b22020,,image,url,images/chibi_clean/forloopcodes.png
chibi-fractalchris,fractalchris,common,https://x.com/fractalchris,capsule,#2a2a3a,#c0a060,,image,url,images/chibi_clean/fractalchris.png
chibi-fruitgang_cult,fruitgang_cult,common,https://x.com/fruitgang_cult,capsule,#2a2a3a,#c0a060,,image,url,images/chibi_clean/fruitgang_cult.png
chibi-fuckitwebol,fuckitwebol,common,https://x.com/fuckitwebol,capsule,#2a2a3a,#c0a060,,image,url,images/chibi_clean/fuckitwebol.png
chibi-fumogirls,fumogirls,common,https://x.com/fumogirls,capsule,#2a2a3a,#c0a060,,image,url,images/chibi_clean/fumogirls.png
chibi-g4titan_,g4titan_,common,https://x.com/g4titan_,capsule,#2a2a3a,#c0a060,,image,url,images/chibi_clean/g4titan_.png
chibi-gabe_burnette,gabe_burnette,common,https://x.com/gabe_burnette,capsule,#2a2a3a,#c0a060,,image,url,images/chibi_clean/gabe_burnette.png
chibi-gabrielphys,gabrielphys,common,https://x.com/gabrielphys,capsule,#2a2a3a,#c0a060,,image,url,images/chibi_clean/gabrielphys.png
chibi-gaksat,gaksat,common,https://x.com/gaksat,capsule,#2a2a3a,#c0a060,,image,url,images/chibi_clean/gaksat.png
chibi-ghestnor,ghestnor,rare,https://x.com/ghestnor,capsule,#c0a060,#b22020,,image,url,images/chibi_clean/ghestnor.png
chibi-giosaia,giosaia,common,https://x.com/giosaia,capsule,#2a2a3a,#c0a060,,image,url,images/chibi_clean/giosaia.png
chibi-gonzalezharry,gonzalezharry,common,https://x.com/gonzalezharry,capsule,#2a2a3a,#c0a060,,image,url,images/chibi_clean/gonzalezharry.png
chibi-goosecaps,goosecaps,rare,https://x.com/goosecaps,capsule,#c0a060,#b22020,,image,url,images/chibi_clean/goosecaps.png
chibi-gouthamcanttwt,gouthamcanttwt,ultra,https://x.com/gouthamcanttwt,capsule,#b22020,#ffcc44,#ff3030,image,url,images/chibi_clean/gouthamcanttwt.png
chibi-graykevinb,graykevinb,common,https://x.com/graykevinb,capsule,#2a2a3a,#c0a060,,image,url,images/chibi_clean/graykevinb.png
chibi-gregariouswolf,gregariouswolf,ultra,https://x.com/gregariouswolf,capsule,#b22020,#ffcc44,#ff3030,image,url,images/chibi_clean/gregariouswolf.png
chibi-guitarhester,guitarhester,common,https://x.com/guitarhester,capsule,#2a2a3a,#c0a060,,image,url,images/chibi_clean/guitarhester.png
chibi-guitaripod,guitaripod,common,https://x.com/guitaripod,capsule,#2a2a3a,#c0a060,,image,url,images/chibi_clean/guitaripod.png
chibi-hagdaughter,hagdaughter,rare,https://x.com/hagdaughter,capsule,#c0a060,#b22020,,image,url,images/chibi_clean/hagdaughter.png
chibi-happysmash27,happysmash27,rare,https://x.com/happysmash27,capsule,#c0a060,#b22020,,image,url,images/chibi_clean/happysmash27.png
chibi-hasnat_a_me_com,hasnat_a_me_com,rare,https://x.com/hasnat_a_me_com,capsule,#c0a060,#b22020,,image,url,images/chibi_clean/hasnat_a_me_com.png
chibi-haydendevs,haydendevs,rare,https://x.com/haydendevs,capsule,#c0a060,#b22020,,image,url,images/chibi_clean/haydendevs.png
chibi-heywaycat,heywaycat,rare,https://x.com/heywaycat,capsule,#c0a060,#b22020,,image,url,images/chibi_clean/heywaycat.png
chibi-hezuikn_isekai,hezuikn_isekai,common,https://x.com/hezuikn_isekai,capsule,#2a2a3a,#c0a060,,image,url,images/chibi_clean/hezuikn_isekai.png
chibi-hibakod,hibakod,rare,https://x.com/hibakod,capsule,#c0a060,#b22020,,image,url,images/chibi_clean/hibakod.png
chibi-hikarubenji,hikarubenji,common,https://x.com/hikarubenji,capsule,#2a2a3a,#c0a060,,image,url,images/chibi_clean/hikarubenji.png
chibi-himery_iddm,himery_iddm,common,https://x.com/himery_iddm,capsule,#2a2a3a,#c0a060,,image,url,images/chibi_clean/himery_iddm.png
chibi-hiroh17o,hiroh17o,common,https://x.com/hiroh17o,capsule,#2a2a3a,#c0a060,,image,url,images/chibi_clean/hiroh17o.png
chibi-iamtank_,iamtank_,common,https://x.com/iamtank_,capsule,#2a2a3a,#c0a060,,image,url,images/chibi_clean/iamtank_.png
chibi-ian_90211,ian_90211,common,https://x.com/ian_90211,capsule,#2a2a3a,#c0a060,,image,url,images/chibi_clean/ian_90211.png
chibi-ian_snow,ian_snow,common,https://x.com/ian_snow,capsule,#2a2a3a,#c0a060,,image,url,images/chibi_clean/ian_snow.png
chibi-icanvardar,icanvardar,common,https://x.com/icanvardar,capsule,#2a2a3a,#c0a060,,image,url,images/chibi_clean/icanvardar.png
chibi-ichigo10000001,ichigo10000001,common,https://x.com/ichigo10000001,capsule,#2a2a3a,#c0a060,,image,url,images/chibi_clean/ichigo10000001.png
chibi-igor_os777,igor_os777,common,https://x.com/igor_os777,capsule,#2a2a3a,#c0a060,,image,url,images/chibi_clean/igor_os777.png
chibi-ikkikikikiik,ikkikikikiik,common,https://x.com/ikkikikikiik,capsule,#2a2a3a,#c0a060,,image,url,images/chibi_clean/ikkikikikiik.png
chibi-illyasreal,illyasReal,common,https://x.com/illyasReal,capsule,#2a2a3a,#c0a060,,image,url,images/chibi_clean/illyasReal.png
chibi-illyrianlevi,illyrianlevi,ultra,https://x.com/illyrianlevi,capsule,#b22020,#ffcc44,#ff3030,image,url,images/chibi_clean/illyrianlevi.png
chibi-imnotrei0x,imnotrei0x,common,https://x.com/imnotrei0x,capsule,#2a2a3a,#c0a060,,image,url,images/chibi_clean/imnotrei0x.png
chibi-insertcleveridk,insertcleveridk,rare,https://x.com/insertcleveridk,capsule,#c0a060,#b22020,,image,url,images/chibi_clean/insertcleveridk.png
chibi-iq_over_9000,iq_over_9000,common,https://x.com/iq_over_9000,capsule,#2a2a3a,#c0a060,,image,url,images/chibi_clean/iq_over_9000.png
chibi-ishtwts,ishtwts,common,https://x.com/ishtwts,capsule,#2a2a3a,#c0a060,,image,url,images/chibi_clean/ishtwts.png
chibi-itsoksmit,itsoksmit,common,https://x.com/itsoksmit,capsule,#2a2a3a,#c0a060,,image,url,images/chibi_clean/itsoksmit.png
chibi-itsss_chidu,itsss_chidu,common,https://x.com/itsss_chidu,capsule,#2a2a3a,#c0a060,,image,url,images/chibi_clean/itsss_chidu.png
chibi-jairomsb,jairomsb,common,https://x.com/jairomsb,capsule,#2a2a3a,#c0a060,,image,url,images/chibi_clean/jairomsb.png
chibi-jaivin,jaivin,common,https://x.com/jaivin,capsule,#2a2a3a,#c0a060,,image,url,images/chibi_clean/jaivin.png
chibi-jakehendersonx_,jakehendersonx_,common,https://x.com/jakehendersonx_,capsule,#2a2a3a,#c0a060,,image,url,images/chibi_clean/jakehendersonx_.png
chibi-jamesbaratheon,jamesbaratheon,common,https://x.com/jamesbaratheon,capsule,#2a2a3a,#c0a060,,image,url,images/chibi_clean/jamesbaratheon.png
chibi-jawdroppuh_,jawdroppuh_,common,https://x.com/jawdroppuh_,capsule,#2a2a3a,#c0a060,,image,url,images/chibi_clean/jawdroppuh_.png
chibi-jesrad,jesrad,common,https://x.com/jesrad,capsule,#2a2a3a,#c0a060,,image,url,images/chibi_clean/jesrad.png
chibi-jessica_barberi,jessica_barberi,common,https://x.com/jessica_barberi,capsule,#2a2a3a,#c0a060,,image,url,images/chibi_clean/jessica_barberi.png
chibi-jesuslovesdani1,jesuslovesdani1,rare,https://x.com/jesuslovesdani1,capsule,#c0a060,#b22020,,image,url,images/chibi_clean/jesuslovesdani1.png
chibi-jflwrites,jflWrites,common,https://x.com/jflWrites,capsule,#2a2a3a,#c0a060,,image,url,images/chibi_clean/jflWrites.png
chibi-jk_drq,jk_drq,common,https://x.com/jk_drq,capsule,#2a2a3a,#c0a060,,image,url,images/chibi_clean/jk_drq.png
chibi-jojo_bombadil,jojo_bombadil,common,https://x.com/jojo_bombadil,capsule,#2a2a3a,#c0a060,,image,url,images/chibi_clean/jojo_bombadil.png
chibi-jphx32011,jphx32011,common,https://x.com/jphx32011,capsule,#2a2a3a,#c0a060,,image,url,images/chibi_clean/jphx32011.png
chibi-jrswab,jrswab,common,https://x.com/jrswab,capsule,#2a2a3a,#c0a060,,image,url,images/chibi_clean/jrswab.png
chibi-justabdulraouf,justabdulraouf,common,https://x.com/justabdulraouf,capsule,#2a2a3a,#c0a060,,image,url,images/chibi_clean/justabdulraouf.png
chibi-justoutofrange,justoutofrange,common,https://x.com/justoutofrange,capsule,#2a2a3a,#c0a060,,image,url,images/chibi_clean/justoutofrange.png
chibi-jvboid,jvboid,common,https://x.com/jvboid,capsule,#2a2a3a,#c0a060,,image,url,images/chibi_clean/jvboid.png
chibi-jzpitts,jzpitts,common,https://x.com/jzpitts,capsule,#2a2a3a,#c0a060,,image,url,images/chibi_clean/jzpitts.png
chibi-k0ncept,k0ncept,common,https://x.com/k0ncept,capsule,#2a2a3a,#c0a060,,image,url,images/chibi_clean/k0ncept.png
chibi-k_flowstate,k_flowstate,common,https://x.com/k_flowstate,capsule,#2a2a3a,#c0a060,,image,url,images/chibi_clean/k_flowstate.png
chibi-kaaliya_offcl,kaaliya_offcl,common,https://x.com/kaaliya_offcl,capsule,#2a2a3a,#c0a060,,image,url,images/chibi_clean/kaaliya_offcl.png
chibi-kathrynhall_,kathrynhall_,common,https://x.com/kathrynhall_,capsule,#2a2a3a,#c0a060,,image,url,images/chibi_clean/kathrynhall_.png
chibi-kaxutx,kaxutx,common,https://x.com/kaxutx,capsule,#2a2a3a,#c0a060,,image,url,images/chibi_clean/kaxutx.png
chibi-kenshin_guard,kenshin_guard,rare,https://x.com/kenshin_guard,capsule,#c0a060,#b22020,,image,url,images/chibi_clean/kenshin_guard.png
chibi-kermit5329,kermit5329,common,https://x.com/kermit5329,capsule,#2a2a3a,#c0a060,,image,url,images/chibi_clean/kermit5329.png
chibi-klara_sjo,klara_sjo,common,https://x.com/klara_sjo,capsule,#2a2a3a,#c0a060,,image,url,images/chibi_clean/klara_sjo.png
chibi-knightkun__,knightkun__,common,https://x.com/knightkun__,capsule,#2a2a3a,#c0a060,,image,url,images/chibi_clean/knightkun__.png
chibi-knowclarified,knowclarified,common,https://x.com/knowclarified,capsule,#2a2a3a,#c0a060,,image,url,images/chibi_clean/knowclarified.png
chibi-kosa12m,kosa12m,common,https://x.com/kosa12m,capsule,#2a2a3a,#c0a060,,image,url,images/chibi_clean/kosa12m.png
chibi-kpmaloyauthor,kpmaloyauthor,rare,https://x.com/kpmaloyauthor,capsule,#c0a060,#b22020,,image,url,images/chibi_clean/kpmaloyauthor.png
chibi-kresh_v1,kresh_v1,common,https://x.com/kresh_v1,capsule,#2a2a3a,#c0a060,,image,url,images/chibi_clean/kresh_v1.png
chibi-larosadelicata,larosadelicata,rare,https://x.com/larosadelicata,capsule,#c0a060,#b22020,,image,url,images/chibi_clean/larosadelicata.png
chibi-lefycodes,lefycodes,common,https://x.com/lefycodes,capsule,#2a2a3a,#c0a060,,image,url,images/chibi_clean/lefycodes.png
chibi-lemonogata,lemonogata,common,https://x.com/lemonogata,capsule,#2a2a3a,#c0a060,,image,url,images/chibi_clean/lemonogata.png
chibi-lifetimization,lifetimization,rare,https://x.com/lifetimization,capsule,#c0a060,#b22020,,image,url,images/chibi_clean/lifetimization.png
chibi-lilm2a2d,lilm2a2d,common,https://x.com/lilm2a2d,capsule,#2a2a3a,#c0a060,,image,url,images/chibi_clean/lilm2a2d.png
chibi-livinthrusound,livinthrusound,rare,https://x.com/livinthrusound,capsule,#c0a060,#b22020,,image,url,images/chibi_clean/livinthrusound.png
chibi-logfatal,logFatal,common,https://x.com/logFatal,capsule,#2a2a3a,#c0a060,,image,url,images/chibi_clean/logFatal.png
chibi-louis_____renol,louis_____renol,common,https://x.com/louis_____renol,capsule,#2a2a3a,#c0a060,,image,url,images/chibi_clean/louis_____renol.png
chibi-lowresboots,lowresboots,common,https://x.com/lowresboots,capsule,#2a2a3a,#c0a060,,image,url,images/chibi_clean/lowresboots.png
chibi-luismarmmendes,luismarmmendes,common,https://x.com/luismarmmendes,capsule,#2a2a3a,#c0a060,,image,url,images/chibi_clean/luismarmmendes.png
chibi-luxmendax,luxmendax,common,https://x.com/luxmendax,capsule,#2a2a3a,#c0a060,,image,url,images/chibi_clean/luxmendax.png
chibi-lylamist,lylamist,rare,https://x.com/lylamist,capsule,#c0a060,#b22020,,image,url,images/chibi_clean/lylamist.png
chibi-m3aus,m3aus,common,https://x.com/m3aus,capsule,#2a2a3a,#c0a060,,image,url,images/chibi_clean/m3aus.png
chibi-m_davies94,m_davies94,rare,https://x.com/m_davies94,capsule,#c0a060,#b22020,,image,url,images/chibi_clean/m_davies94.png
chibi-ma2_sakura,ma2_sakura,common,https://x.com/ma2_sakura,capsule,#2a2a3a,#c0a060,,image,url,images/chibi_clean/ma2_sakura.png
chibi-madhav1,madhav1,common,https://x.com/madhav1,capsule,#2a2a3a,#c0a060,,image,url,images/chibi_clean/madhav1.png
chibi-madisonjw,madisonjw,common,https://x.com/madisonjw,capsule,#2a2a3a,#c0a060,,image,url,images/chibi_clean/madisonjw.png
chibi-magichustler_,magichustler_,common,https://x.com/magichustler_,capsule,#2a2a3a,#c0a060,,image,url,images/chibi_clean/magichustler_.png
chibi-main_experiment,main_experiment,common,https://x.com/main_experiment,capsule,#2a2a3a,#c0a060,,image,url,images/chibi_clean/main_experiment.png
chibi-malcomtentrage,malcomtentrage,common,https://x.com/malcomtentrage,capsule,#2a2a3a,#c0a060,,image,url,images/chibi_clean/malcomtentrage.png
chibi-martinlindenn,martinlindenn,common,https://x.com/martinlindenn,capsule,#2a2a3a,#c0a060,,image,url,images/chibi_clean/martinlindenn.png
chibi-masakundayo1994,masakundayo1994,common,https://x.com/masakundayo1994,capsule,#2a2a3a,#c0a060,,image,url,images/chibi_clean/masakundayo1994.png
chibi-mattg666117,mattg666117,common,https://x.com/mattg666117,capsule,#2a2a3a,#c0a060,,image,url,images/chibi_clean/mattg666117.png
chibi-mattvarnerdd,mattvarnerdd,common,https://x.com/mattvarnerdd,capsule,#2a2a3a,#c0a060,,image,url,images/chibi_clean/mattvarnerdd.png
chibi-meemeyerharvin,meemeyerHarvin,rare,https://x.com/meemeyerHarvin,capsule,#c0a060,#b22020,,image,url,images/chibi_clean/meemeyerHarvin.png
chibi-michael_kormann,michael_kormann,common,https://x.com/michael_kormann,capsule,#2a2a3a,#c0a060,,image,url,images/chibi_clean/michael_kormann.png
chibi-mickyxblicky,mickyxblicky,common,https://x.com/mickyxblicky,capsule,#2a2a3a,#c0a060,,image,url,images/chibi_clean/mickyxblicky.png
chibi-mihirtwt,mihirtwt,common,https://x.com/mihirtwt,capsule,#2a2a3a,#c0a060,,image,url,images/chibi_clean/mihirtwt.png
chibi-mind_worm_,mind_worm_,ultra,https://x.com/mind_worm_,capsule,#b22020,#ffcc44,#ff3030,image,url,images/chibi_clean/mind_worm_.png
chibi-moisnx,moisnx,rare,https://x.com/moisnx,capsule,#c0a060,#b22020,,image,url,images/chibi_clean/moisnx.png
chibi-momorail,momorail,rare,https://x.com/momorail,capsule,#c0a060,#b22020,,image,url,images/chibi_clean/momorail.png
chibi-moon990x,moon990x,common,https://x.com/moon990x,capsule,#2a2a3a,#c0a060,,image,url,images/chibi_clean/moon990x.png
chibi-moroni_memer,moroni_memer,common,https://x.com/moroni_memer,capsule,#2a2a3a,#c0a060,,image,url,images/chibi_clean/moroni_memer.png
chibi-moudx,moudx,common,https://x.com/moudx,capsule,#2a2a3a,#c0a060,,image,url,images/chibi_clean/moudx.png
chibi-mym_studios,mym_studios,common,https://x.com/mym_studios,capsule,#2a2a3a,#c0a060,,image,url,images/chibi_clean/mym_studios.png
chibi-n0rmyll,n0rmyll,common,https://x.com/n0rmyll,capsule,#2a2a3a,#c0a060,,image,url,images/chibi_clean/n0rmyll.png
chibi-namedobject,namedobject,common,https://x.com/namedobject,capsule,#2a2a3a,#c0a060,,image,url,images/chibi_clean/namedobject.png
chibi-nanimonull,nanimonull,common,https://x.com/nanimonull,capsule,#2a2a3a,#c0a060,,image,url,images/chibi_clean/nanimonull.png
chibi-nathan_covey,nathan_covey,common,https://x.com/nathan_covey,capsule,#2a2a3a,#c0a060,,image,url,images/chibi_clean/nathan_covey.png
chibi-nauru_japan,nauru_japan,common,https://x.com/nauru_japan,capsule,#2a2a3a,#c0a060,,image,url,images/chibi_clean/nauru_japan.png
chibi-nekomiso24,nekomiso24,common,https://x.com/nekomiso24,capsule,#2a2a3a,#c0a060,,image,url,images/chibi_clean/nekomiso24.png
chibi-nomukh,noMukh,rare,https://x.com/noMukh,capsule,#c0a060,#b22020,,image,url,images/chibi_clean/noMukh.png
chibi-nodaridev,nodaridev,rare,https://x.com/nodaridev,capsule,#c0a060,#b22020,,image,url,images/chibi_clean/nodaridev.png
chibi-notreallythoo,notreallythoo,common,https://x.com/notreallythoo,capsule,#2a2a3a,#c0a060,,image,url,images/chibi_clean/notreallythoo.png
chibi-npcphilosopher,npcphilosopher,common,https://x.com/npcphilosopher,capsule,#2a2a3a,#c0a060,,image,url,images/chibi_clean/npcphilosopher.png
chibi-offsitedark,offsitedark,common,https://x.com/offsitedark,capsule,#2a2a3a,#c0a060,,image,url,images/chibi_clean/offsitedark.png
chibi-ojisantakashi,ojisantakashi,common,https://x.com/ojisantakashi,capsule,#2a2a3a,#c0a060,,image,url,images/chibi_clean/ojisantakashi.png
chibi-old_crone_code,old_crone_code,common,https://x.com/old_crone_code,capsule,#2a2a3a,#c0a060,,image,url,images/chibi_clean/old_crone_code.png
chibi-onarchbtw,onarchbtw,common,https://x.com/onarchbtw,capsule,#2a2a3a,#c0a060,,image,url,images/chibi_clean/onarchbtw.png
chibi-onehundredcows,onehundredcows,common,https://x.com/onehundredcows,capsule,#2a2a3a,#c0a060,,image,url,images/chibi_clean/onehundredcows.png
chibi-origamibleu,origamiBleu,common,https://x.com/origamiBleu,capsule,#2a2a3a,#c0a060,,image,url,images/chibi_clean/origamiBleu.png
chibi-ostia00kg,ostia00kg,common,https://x.com/ostia00kg,capsule,#2a2a3a,#c0a060,,image,url,images/chibi_clean/ostia00kg.png
chibi-oujirouu,oujirouu,common,https://x.com/oujirouu,capsule,#2a2a3a,#c0a060,,image,url,images/chibi_clean/oujirouu.png
chibi-p_e_cooper,p_e_cooper,rare,https://x.com/p_e_cooper,capsule,#c0a060,#b22020,,image,url,images/chibi_clean/p_e_cooper.png
chibi-peach2k2,peach2k2,common,https://x.com/peach2k2,capsule,#2a2a3a,#c0a060,,image,url,images/chibi_clean/peach2k2.png
chibi-pentel1penpal,pentel1penpal,common,https://x.com/pentel1penpal,capsule,#2a2a3a,#c0a060,,image,url,images/chibi_clean/pentel1penpal.png
chibi-phineas_gatobu,phineas_gatobu,common,https://x.com/phineas_gatobu,capsule,#2a2a3a,#c0a060,,image,url,images/chibi_clean/phineas_gatobu.png
chibi-pinguxx,pinguxx,common,https://x.com/pinguxx,capsule,#2a2a3a,#c0a060,,image,url,images/chibi_clean/pinguxx.png
chibi-plasmarob,plasmarob,rare,https://x.com/plasmarob,capsule,#c0a060,#b22020,,image,url,images/chibi_clean/plasmarob.png
chibi-polysophical,polysophical,common,https://x.com/polysophical,capsule,#2a2a3a,#c0a060,,image,url,images/chibi_clean/polysophical.png
chibi-prathwik0,prathwik0,rare,https://x.com/prathwik0,capsule,#c0a060,#b22020,,image,url,images/chibi_clean/prathwik0.png
chibi-promptprincess,promptprincess,common,https://x.com/promptprincess,capsule,#2a2a3a,#c0a060,,image,url,images/chibi_clean/promptprincess.png
chibi-propelium,propelium,rare,https://x.com/propelium,capsule,#c0a060,#b22020,,image,url,images/chibi_clean/propelium.png
chibi-prthgo,prthgo,rare,https://x.com/prthgo,capsule,#c0a060,#b22020,,image,url,images/chibi_clean/prthgo.png
chibi-prthnkys,prthnkys,common,https://x.com/prthnkys,capsule,#2a2a3a,#c0a060,,image,url,images/chibi_clean/prthnkys.png
chibi-ptrtoliam,ptrToLiam,common,https://x.com/ptrToLiam,capsule,#2a2a3a,#c0a060,,image,url,images/chibi_clean/ptrToLiam.png
chibi-publicinte,publicinte,rare,https://x.com/publicinte,capsule,#c0a060,#b22020,,image,url,images/chibi_clean/publicinte.png
chibi-pyr33x,pyr33x,common,https://x.com/pyr33x,capsule,#2a2a3a,#c0a060,,image,url,images/chibi_clean/pyr33x.png
chibi-qqsan1234,qqsan1234,common,https://x.com/qqsan1234,capsule,#2a2a3a,#c0a060,,image,url,images/chibi_clean/qqsan1234.png
chibi-qxrein,qxrein,common,https://x.com/qxrein,capsule,#2a2a3a,#c0a060,,image,url,images/chibi_clean/qxrein.png
chibi-r0hxn1,r0hxn1,common,https://x.com/r0hxn1,capsule,#2a2a3a,#c0a060,,image,url,images/chibi_clean/r0hxn1.png
chibi-radmadvlad,radmadvlad,common,https://x.com/radmadvlad,capsule,#2a2a3a,#c0a060,,image,url,images/chibi_clean/radmadvlad.png
chibi-ramenpopx,ramenpopx,rare,https://x.com/ramenpopx,capsule,#c0a060,#b22020,,image,url,images/chibi_clean/ramenpopx.png
chibi-raytraze,raytraze,common,https://x.com/raytraze,capsule,#2a2a3a,#c0a060,,image,url,images/chibi_clean/raytraze.png
chibi-real_mpwilcox,real_mpwilcox,common,https://x.com/real_mpwilcox,capsule,#2a2a3a,#c0a060,,image,url,images/chibi_clean/real_mpwilcox.png
chibi-realevelyncross,realevelyncross,rare,https://x.com/realevelyncross,capsule,#c0a060,#b22020,,image,url,images/chibi_clean/realevelyncross.png
chibi-reallyrawn,reallyrawn,rare,https://x.com/reallyrawn,capsule,#c0a060,#b22020,,image,url,images/chibi_clean/reallyrawn.png
chibi-rebecca_linam,rebecca_linam,common,https://x.com/rebecca_linam,capsule,#2a2a3a,#c0a060,,image,url,images/chibi_clean/rebecca_linam.png
chibi-renzocarbonara,renzocarbonara,rare,https://x.com/renzocarbonara,capsule,#c0a060,#b22020,,image,url,images/chibi_clean/renzocarbonara.png
chibi-ronnhue,ronnhue,common,https://x.com/ronnhue,capsule,#2a2a3a,#c0a060,,image,url,images/chibi_clean/ronnhue.png
chibi-rougarou1776,rougarou1776,ultra,https://x.com/rougarou1776,capsule,#b22020,#ffcc44,#ff3030,image,url,images/chibi_clean/rougarou1776.png
chibi-rthomasv3,rthomasv3,common,https://x.com/rthomasv3,capsule,#2a2a3a,#c0a060,,image,url,images/chibi_clean/rthomasv3.png
chibi-sad__guts,sad__guts,common,https://x.com/sad__guts,capsule,#2a2a3a,#c0a060,,image,url,images/chibi_clean/sad__guts.png
chibi-sairrtc,sairrtc,rare,https://x.com/sairrtc,capsule,#c0a060,#b22020,,image,url,images/chibi_clean/sairrtc.png
chibi-salty_grndpa,salty_grndpa,common,https://x.com/salty_grndpa,capsule,#2a2a3a,#c0a060,,image,url,images/chibi_clean/salty_grndpa.png
chibi-sarahs_sky,sarahs_sky,common,https://x.com/sarahs_sky,capsule,#2a2a3a,#c0a060,,image,url,images/chibi_clean/sarahs_sky.png
chibi-sardonicsqueak,sardonicsqueak,common,https://x.com/sardonicsqueak,capsule,#2a2a3a,#c0a060,,image,url,images/chibi_clean/sardonicsqueak.png
chibi-saylonmusk,saylonmusk,common,https://x.com/saylonmusk,capsule,#2a2a3a,#c0a060,,image,url,images/chibi_clean/saylonmusk.png
chibi-scheminglunatic,scheminglunatic,common,https://x.com/scheminglunatic,capsule,#2a2a3a,#c0a060,,image,url,images/chibi_clean/scheminglunatic.png
chibi-seimartino,seimartino,common,https://x.com/seimartino,capsule,#2a2a3a,#c0a060,,image,url,images/chibi_clean/seimartino.png
chibi-selenialapp,selenialapp,rare,https://x.com/selenialapp,capsule,#c0a060,#b22020,,image,url,images/chibi_clean/selenialapp.png
chibi-sentient_mas,sentient_Mas,common,https://x.com/sentient_Mas,capsule,#2a2a3a,#c0a060,,image,url,images/chibi_clean/sentient_Mas.png
chibi-setpedro_,setpedro_,common,https://x.com/setpedro_,capsule,#2a2a3a,#c0a060,,image,url,images/chibi_clean/setpedro_.png
chibi-shauncamp_,shauncamp_,common,https://x.com/shauncamp_,capsule,#2a2a3a,#c0a060,,image,url,images/chibi_clean/shauncamp_.png
chibi-shishanyu,shishanyu,common,https://x.com/shishanyu,capsule,#2a2a3a,#c0a060,,image,url,images/chibi_clean/shishanyu.png
chibi-shivangitwt,shivangitwt,common,https://x.com/shivangitwt,capsule,#2a2a3a,#c0a060,,image,url,images/chibi_clean/shivangitwt.png
chibi-shogunzeal,shogunzeal,common,https://x.com/shogunzeal,capsule,#2a2a3a,#c0a060,,image,url,images/chibi_clean/shogunzeal.png
chibi-shreyadoesstuff,shreyadoesstuff,rare,https://x.com/shreyadoesstuff,capsule,#c0a060,#b22020,,image,url,images/chibi_clean/shreyadoesstuff.png
chibi-sillydarket,sillydarket,common,https://x.com/sillydarket,capsule,#2a2a3a,#c0a060,,image,url,images/chibi_clean/sillydarket.png
chibi-sirbenjaminjr,sirbenjaminjr,common,https://x.com/sirbenjaminjr,capsule,#2a2a3a,#c0a060,,image,url,images/chibi_clean/sirbenjaminjr.png
chibi-sister_slay,sister_slay,common,https://x.com/sister_slay,capsule,#2a2a3a,#c0a060,,image,url,images/chibi_clean/sister_slay.png
chibi-skewuo,skewuo,common,https://x.com/skewuo,capsule,#2a2a3a,#c0a060,,image,url,images/chibi_clean/skewuo.png
chibi-snwy_me,snwy_me,common,https://x.com/snwy_me,capsule,#2a2a3a,#c0a060,,image,url,images/chibi_clean/snwy_me.png
chibi-soham_btw,soham_btw,common,https://x.com/soham_btw,capsule,#2a2a3a,#c0a060,,image,url,images/chibi_clean/soham_btw.png
chibi-someguy0474,someguy0474,common,https://x.com/someguy0474,capsule,#2a2a3a,#c0a060,,image,url,images/chibi_clean/someguy0474.png
chibi-sow413,sow413,common,https://x.com/sow413,capsule,#2a2a3a,#c0a060,,image,url,images/chibi_clean/sow413.png
chibi-spaceodili,spaceodili,common,https://x.com/spaceodili,capsule,#2a2a3a,#c0a060,,image,url,images/chibi_clean/spaceodili.png
chibi-squarecapo,squarecapo,common,https://x.com/squarecapo,capsule,#2a2a3a,#c0a060,,image,url,images/chibi_clean/squarecapo.png
chibi-steelhavengame1,steelhavengame1,common,https://x.com/steelhavengame1,capsule,#2a2a3a,#c0a060,,image,url,images/chibi_clean/steelhavengame1.png
chibi-stinkgen,stinkgen,rare,https://x.com/stinkgen,capsule,#c0a060,#b22020,,image,url,images/chibi_clean/stinkgen.png
chibi-stinklabs,stinklabs,rare,https://x.com/stinklabs,capsule,#c0a060,#b22020,,image,url,images/chibi_clean/stinklabs.png
chibi-stromqx,stromqx,common,https://x.com/stromqx,capsule,#2a2a3a,#c0a060,,image,url,images/chibi_clean/stromqx.png
chibi-strwbcom,strwbcom,rare,https://x.com/strwbcom,capsule,#c0a060,#b22020,,image,url,images/chibi_clean/strwbcom.png
chibi-suagsi,suagsi,common,https://x.com/suagsi,capsule,#2a2a3a,#c0a060,,image,url,images/chibi_clean/suagsi.png
chibi-sudodeath,sudodeath,common,https://x.com/sudodeath,capsule,#2a2a3a,#c0a060,,image,url,images/chibi_clean/sudodeath.png
chibi-suke_arts,suke_arts,common,https://x.com/suke_arts,capsule,#2a2a3a,#c0a060,,image,url,images/chibi_clean/suke_arts.png
chibi-superwhitetuna0,superwhitetuna0,common,https://x.com/superwhitetuna0,capsule,#2a2a3a,#c0a060,,image,url,images/chibi_clean/superwhitetuna0.png
chibi-suvikyi,suvikyi,rare,https://x.com/suvikyi,capsule,#c0a060,#b22020,,image,url,images/chibi_clean/suvikyi.png
chibi-t4reef,t4reef,rare,https://x.com/t4reef,capsule,#c0a060,#b22020,,image,url,images/chibi_clean/t4reef.png
chibi-takawasi_heintz,takawasi_heintz,common,https://x.com/takawasi_heintz,capsule,#2a2a3a,#c0a060,,image,url,images/chibi_clean/takawasi_heintz.png
chibi-tanpukunokami,tanpukunokami,common,https://x.com/tanpukunokami,capsule,#2a2a3a,#c0a060,,image,url,images/chibi_clean/tanpukunokami.png
chibi-temidaradev,temidaradev,rare,https://x.com/temidaradev,capsule,#c0a060,#b22020,,image,url,images/chibi_clean/temidaradev.png
chibi-tennyfren,tennyfren,common,https://x.com/tennyfren,capsule,#2a2a3a,#c0a060,,image,url,images/chibi_clean/tennyfren.png
chibi-thatsallfrens,thatsallfrens,common,https://x.com/thatsallfrens,capsule,#2a2a3a,#c0a060,,image,url,images/chibi_clean/thatsallfrens.png
chibi-thesosikevin,theSosiKevin,common,https://x.com/theSosiKevin,capsule,#2a2a3a,#c0a060,,image,url,images/chibi_clean/theSosiKevin.png
chibi-the_jess_who,the_jess_who,common,https://x.com/the_jess_who,capsule,#2a2a3a,#c0a060,,image,url,images/chibi_clean/the_jess_who.png
chibi-the_one_orlando,the_one_orlando,common,https://x.com/the_one_orlando,capsule,#2a2a3a,#c0a060,,image,url,images/chibi_clean/the_one_orlando.png
chibi-thealokverse,thealokverse,common,https://x.com/thealokverse,capsule,#2a2a3a,#c0a060,,image,url,images/chibi_clean/thealokverse.png
chibi-thechillbruv,thechillbruv,common,https://x.com/thechillbruv,capsule,#2a2a3a,#c0a060,,image,url,images/chibi_clean/thechillbruv.png
chibi-thedavidboyd,thedavidboyd,common,https://x.com/thedavidboyd,capsule,#2a2a3a,#c0a060,,image,url,images/chibi_clean/thedavidboyd.png
chibi-thegunsreport01,thegunsreport01,rare,https://x.com/thegunsreport01,capsule,#c0a060,#b22020,,image,url,images/chibi_clean/thegunsreport01.png
chibi-theirtestuser,theirtestuser,common,https://x.com/theirtestuser,capsule,#2a2a3a,#c0a060,,image,url,images/chibi_clean/theirtestuser.png
chibi-theoliverdev,theoliverdev,common,https://x.com/theoliverdev,capsule,#2a2a3a,#c0a060,,image,url,images/chibi_clean/theoliverdev.png
chibi-thoughtcrime___,thoughtcrime___,common,https://x.com/thoughtcrime___,capsule,#2a2a3a,#c0a060,,image,url,images/chibi_clean/thoughtcrime___.png
chibi-tohofuny,tohofuny,common,https://x.com/tohofuny,capsule,#2a2a3a,#c0a060,,image,url,images/chibi_clean/tohofuny.png
chibi-tolly_xyz,tolly_xyz,common,https://x.com/tolly_xyz,capsule,#2a2a3a,#c0a060,,image,url,images/chibi_clean/tolly_xyz.png
chibi-tome_space,tome_space,common,https://x.com/tome_space,capsule,#2a2a3a,#c0a060,,image,url,images/chibi_clean/tome_space.png
chibi-tomlaceyx,tomlaceyx,common,https://x.com/tomlaceyx,capsule,#2a2a3a,#c0a060,,image,url,images/chibi_clean/tomlaceyx.png
chibi-tortyl,tortyl,common,https://x.com/tortyl,capsule,#2a2a3a,#c0a060,,image,url,images/chibi_clean/tortyl.png
chibi-triz3n,triz3n,common,https://x.com/triz3n,capsule,#2a2a3a,#c0a060,,image,url,images/chibi_clean/triz3n.png
chibi-truckerchan,truckerchan,common,https://x.com/truckerchan,capsule,#2a2a3a,#c0a060,,image,url,images/chibi_clean/truckerchan.png
chibi-tunahorse21,tunahorse21,common,https://x.com/tunahorse21,capsule,#2a2a3a,#c0a060,,image,url,images/chibi_clean/tunahorse21.png
chibi-ubermummy,ubermummy,common,https://x.com/ubermummy,capsule,#2a2a3a,#c0a060,,image,url,images/chibi_clean/ubermummy.png
chibi-uncertainsys,uncertainsys,common,https://x.com/uncertainsys,capsule,#2a2a3a,#c0a060,,image,url,images/chibi_clean/uncertainsys.png
chibi-unmemetic,unmemetic,common,https://x.com/unmemetic,capsule,#2a2a3a,#c0a060,,image,url,images/chibi_clean/unmemetic.png
chibi-unpackjs,unpackjs,common,https://x.com/unpackjs,capsule,#2a2a3a,#c0a060,,image,url,images/chibi_clean/unpackjs.png
chibi-usb_type_d,usb_type_d,rare,https://x.com/usb_type_d,capsule,#c0a060,#b22020,,image,url,images/chibi_clean/usb_type_d.png
chibi-uubzu,uubzu,common,https://x.com/uubzu,capsule,#2a2a3a,#c0a060,,image,url,images/chibi_clean/uubzu.png
chibi-uve_lorenzo,uve_lorenzo,common,https://x.com/uve_lorenzo,capsule,#2a2a3a,#c0a060,,image,url,images/chibi_clean/uve_lorenzo.png
chibi-vaalkaar,vaalkaar,common,https://x.com/vaalkaar,capsule,#2a2a3a,#c0a060,,image,url,images/chibi_clean/vaalkaar.png
chibi-veldtclix,veldtclix,rare,https://x.com/veldtclix,capsule,#c0a060,#b22020,,image,url,images/chibi_clean/veldtclix.png
chibi-verbii_,verbii_,common,https://x.com/verbii_,capsule,#2a2a3a,#c0a060,,image,url,images/chibi_clean/verbii_.png
chibi-verrsane,verrsane,common,https://x.com/verrsane,capsule,#2a2a3a,#c0a060,,image,url,images/chibi_clean/verrsane.png
chibi-victorwiins,victorwiins,common,https://x.com/victorwiins,capsule,#2a2a3a,#c0a060,,image,url,images/chibi_clean/victorwiins.png
chibi-vincit_amore,vincit_amore,common,https://x.com/vincit_amore,capsule,#2a2a3a,#c0a060,,image,url,images/chibi_clean/vincit_amore.png
chibi-vishyfishy2,vishyfishy2,common,https://x.com/vishyfishy2,capsule,#2a2a3a,#c0a060,,image,url,images/chibi_clean/vishyfishy2.png
chibi-vladgothgirl,vladgothgirl,common,https://x.com/vladgothgirl,capsule,#2a2a3a,#c0a060,,image,url,images/chibi_clean/vladgothgirl.png
chibi-voidneco,voidneco,common,https://x.com/voidneco,capsule,#2a2a3a,#c0a060,,image,url,images/chibi_clean/voidneco.png
chibi-voidunix,voidunix,common,https://x.com/voidunix,capsule,#2a2a3a,#c0a060,,image,url,images/chibi_clean/voidunix.png
chibi-vulpraxis,vulpraxis,common,https://x.com/vulpraxis,capsule,#2a2a3a,#c0a060,,image,url,images/chibi_clean/vulpraxis.png
chibi-vxntrl,vxntrl,common,https://x.com/vxntrl,capsule,#2a2a3a,#c0a060,,image,url,images/chibi_clean/vxntrl.png
chibi-vyrixo,vyrixo,common,https://x.com/vyrixo,capsule,#2a2a3a,#c0a060,,image,url,images/chibi_clean/vyrixo.png
chibi-waozixyz,waozixyz,common,https://x.com/waozixyz,capsule,#2a2a3a,#c0a060,,image,url,images/chibi_clean/waozixyz.png
chibi-whatranjusaid,whatRanjuSaid,common,https://x.com/whatRanjuSaid,capsule,#2a2a3a,#c0a060,,image,url,images/chibi_clean/whatRanjuSaid.png
chibi-whoistheunifier,whoistheUnifier,common,https://x.com/whoistheUnifier,capsule,#2a2a3a,#c0a060,,image,url,images/chibi_clean/whoistheUnifier.png
chibi-wilfullyapt,wilfullyapt,common,https://x.com/wilfullyapt,capsule,#2a2a3a,#c0a060,,image,url,images/chibi_clean/wilfullyapt.png
chibi-wisdomslices_,wisdomslices_,common,https://x.com/wisdomslices_,capsule,#2a2a3a,#c0a060,,image,url,images/chibi_clean/wisdomslices_.png
chibi-wisk_cc,wisk_cc,common,https://x.com/wisk_cc,capsule,#2a2a3a,#c0a060,,image,url,images/chibi_clean/wisk_cc.png
chibi-wllottnwldr,wllottnwldr,rare,https://x.com/wllottnwldr,capsule,#c0a060,#b22020,,image,url,images/chibi_clean/wllottnwldr.png
chibi-wordgrammer,wordgrammer,common,https://x.com/wordgrammer,capsule,#2a2a3a,#c0a060,,image,url,images/chibi_clean/wordgrammer.png
chibi-worldwatchingme,worldwatchingme,common,https://x.com/worldwatchingme,capsule,#2a2a3a,#c0a060,,image,url,images/chibi_clean/worldwatchingme.png
chibi-x86machine,x86machine,common,https://x.com/x86machine,capsule,#2a2a3a,#c0a060,,image,url,images/chibi_clean/x86machine.png
chibi-xanderpanderman,xanderpanderman,common,https://x.com/xanderpanderman,capsule,#2a2a3a,#c0a060,,image,url,images/chibi_clean/xanderpanderman.png
chibi-xav_db,xav_db,rare,https://x.com/xav_db,capsule,#c0a060,#b22020,,image,url,images/chibi_clean/xav_db.png
chibi-y0dda,y0dda,common,https://x.com/y0dda,capsule,#2a2a3a,#c0a060,,image,url,images/chibi_clean/y0dda.png
chibi-yeliabh,yeliabh,rare,https://x.com/yeliabh,capsule,#c0a060,#b22020,,image,url,images/chibi_clean/yeliabh.png
chibi-yifever,yifever,rare,https://x.com/yifever,capsule,#c0a060,#b22020,,image,url,images/chibi_clean/yifever.png
chibi-yikoshi,yikoshi,common,https://x.com/yikoshi,capsule,#2a2a3a,#c0a060,,image,url,images/chibi_clean/yikoshi.png
chibi-yokolittie,yokolittie,common,https://x.com/yokolittie,capsule,#2a2a3a,#c0a060,,image,url,images/chibi_clean/yokolittie.png
chibi-yosoymario91,yosoymario91,common,https://x.com/yosoymario91,capsule,#2a2a3a,#c0a060,,image,url,images/chibi_clean/yosoymario91.png
chibi-zekramu,zekramu,common,https://x.com/zekramu,capsule,#2a2a3a,#c0a060,,image,url,images/chibi_clean/zekramu.png
chibi-zennyyyplus,zennyyyplus,common,https://x.com/zennyyyplus,capsule,#2a2a3a,#c0a060,,image,url,images/chibi_clean/zennyyyplus.png
chibi-zhoro_x,zhoro_x,rare,https://x.com/zhoro_x,capsule,#c0a060,#b22020,,image,url,images/chibi_clean/zhoro_x.png
